# Instructions and general help: Read first then read row 3 for what to include in each column,# Step 1: Pick a paper from one of the ecosystem spreadsheets.,"# Step 2: Change the dropdown under ""Data"" to ""data pulled"" and it will highlight that paper so no one else pulls data from it.","# Step 3: Copy the author, year, and title, then paste them in this sheet. Paste them into as many rows as there are waterbodies studied.",,"# For example, if a paper measured DNRA rates in two rivers and a reservoir, the author, year, and title will appear on three rows.",# Step 4: Enter the data separately for each waterbody where DNRA rates were measured.,"# When entering data, use underscores to separate words and don't use special characters (e.g., write umol with a u, not a mu, or R will have a hard time)","# Use all lowercase letters except for proper nouns and chemicals (e.g., NH4+)","# Make sure to fill out all fields. If something doesn't apply, write NA",,,"# Lat/long help: if listed in something other than decimal degrees, use this to convert: https://www.pgc.umn.edu/apps/convert/",# Make sure to plug the values you get into Google maps to verify it converted correctly,"# Lat/long will often be in the supplemental data. However, some papers won't report it at all.","# Since we're placing these on a world map, we don't have to be precise with lat/long.","# If they give a general location with a waterbody name, you can find the general vicinity of the study on a map.","# In Google Earth, hold your mouse over the spot and hit shift + ctrl + c to copy the lat/long.","# Go to Tools > Options and change to decimal degrees if it gives you degrees minutes seconds, etc.",,,,,,,,,,,,,,,,,,,,,,,,,,,,,,,
Author,Year,Title,Waterbody_name,Subrep,Latitude_decimal_degrees,Longitude_decimal_degrees,State_or_province,Country,Ecosystem_type,Fig_3_rates,Fig_4_percent,Field_or_Lab,Study_duration,Natural_or_potential,Manipulation_type,Measurement_method,Measurement_quality,Data_reported,Number_rate_estimates,Replicates_total,DNRA_rate_min,DNRA_rate_max,DNRA_rate_mean,DNRA_rate_SE,DNRA_rate_SD,Units_DNRA_rate,Type_units,Units_based_on,DNRA_percent_removal_min,DNRA_percent_removal_max,DNRA_percent_removal_mean,DNRA_percent_removal_SE,DNRA_percent_removal_SD,Total_nitrate_removal_min,Total_nitrate_removal_max,Total_nitrate_removal_mean,Total_nitrate_removal_SE,Units_nitrate_removal,Dominant_controls,Percent_removal_data,Has_N2_N2O_data,Data_pulled_by,Help_or_fix,Notes,N2_N2O_rate_min,N2_N2O_rate_max,N2_N2O_rate_mean,N2_N2O_rate_SE,Units_N2_N2O_rate
# 1st author et al. or 1st author and 2nd author,# Year published,# Including this so we can distinguish studies published by the same author in the same author,# Don't need to be too particular about this; this helps to distinguish data from studies that measured multiple waterbodies.,,"# Use decimal degrees (e.g., 46.252732). No sign indicates N, - indicates S.","# Use decimal degrees (e.g., -119.477435). No sign indicates E, - indicates W. ","# State, province, or equivalent. Write out name.","# Write out most names, but use USA and UK","# List as lake, reservoir, stream, river, wetland, constructed_wetland, river_floodplain, rice_paddy, etc.",,,"# Study performed in situ in the field or ex situ in the lab. ""Lab"" includes samples collected in the field but incubated in the lab. ""Field"" includes tracers added and collected in the field and analyzed in the lab.","# Be as specific as needed, e.g., summer_2018, 2015-2017, June_2016, etc.",# Enter natural if no manipulation. Enter potential if conditions were manipulated to estimate maximum potential rate. 15-N addition doesn't count as manipulation unless doubling concentration or greater.,"# Enter NA if natural. For potential, options may include nitrate_addition, organic_C_addition, anoxia_induction, etc. 15-N addition doesn't count as manipulation unless doubling concentration or greater.",# Method used to measure DNRA rates,"# Note as high or low; for low, indicate the reason in notes. Measuring NH4+ accumulation and assuming it was DNRA = low.","# Options: actual where values were reported, estimated where values are in figures, digitized where digitized from figures",# Number of rate estimates in waterbody,,# Lowest DNRA rate measured,# Highest DNRA rate measured,# Mean DNRA rate,"# Standard error for mean DNRA rate, usually reported as mean ± SE",,"# Units used to reprort measured DNRA rates. Write with underscores: e.g., umol_NH4+_m-2_h-1",,,# Lowest DNRA as percent of total dissimilatory nitrate removal reported,# Highest DNRA as percent of total dissimilatory nitrate removal reported,# Mean DNRA as percent of total dissimilatory nitrate removal reported,"# Standard error for mean DNRA percent removal, usually reported as mean ± SE",,# Lowest rate of dissimilatory nitrate removal measured,# Highest rate of dissimilatory nitrate removal measured,# Mean rate of dissimilatory nitrate removal measured,"# Standard error for mean rate of dissimilatory nitrate removal, usually reported as mean ± SE",# Units used to report rates of dissim. nitrate removal. Write with underscores.,# Dominant controls on DNRA identified; list separated by commas,# Whether and how calculating DNRA as percent of total dissim removal is possible and how,"# Whether paper reports nitrate reduction to N₂ and N₂O, we can use to calculate total dissim. removal, yes or no",# Your name,# Write help if you are uncertain about something or otherwise need someone else to look at the paper. Write fix to flag an entry you need to fix.,# Use to flag anything unusual. Write as much or as little as seems necessary. We'll have to think about how to handle these. Otherwise just enter NA.,# Lowest rate of NO₃⁻ reduction to N₂ and N₂O measured,# Highest rate of NO₃⁻ reduction to N₂ and N₂O measured,# Mean rate of NO₃⁻ reduction to N₂ and N₂O,"# Standard error for mean rate of NO₃⁻ reduction to N₂ and N₂O, usually reported as mean ± SE","# Units used to reprort measured N₂ and N₂O rates. Write with underscores: e.g., umol_NH4+_m-2_h-1"
Goeyens et al.,1987,NA,NA,,NA,NA,NA,Denmark,marine_Burgin-2007,,no,NA,NA,NA,NA,15N-assay,high,actual,NA,,NA,NA,NA,NA,,NA,NA,,33,33,NA,NA,,NA,NA,NA,NA,NA,NA,DNRA_percent_data,NA,Aaron,NA,Data used to make Figure 2 (% DNRA across a variety of ecosystems) in Burgin and Hamilton 2007.,NA,NA,NA,NA,NA
Christensen et al.,2000,NA,NA,,NA,NA,NA,Denmark,estuary_Burgin-2007,,no,NA,NA,NA,NA,15N-assay,high,actual,NA,,NA,NA,NA,NA,,NA,NA,,0,85,NA,NA,,NA,NA,NA,NA,NA,NA,DNRA_percent_data,NA,Aaron,NA,Data used to make Figure 2 (% DNRA across a variety of ecosystems) in Burgin and Hamilton 2007.,NA,NA,NA,NA,NA
Koike and Hattori,1978,NA,NA,,NA,NA,NA,Japan,estuary_Burgin-2007,,no,NA,NA,NA,NA,15N-assay,high,actual,NA,,NA,NA,NA,NA,,NA,NA,,10,61,NA,NA,,NA,NA,NA,NA,NA,NA,DNRA_percent_data,NA,Aaron,NA,Data used to make Figure 2 (% DNRA across a variety of ecosystems) in Burgin and Hamilton 2007.,NA,NA,NA,NA,NA
Pelegrí et al.,1994,NA,NA,,NA,NA,NA,Denmark,estuary_Burgin-2007,,no,NA,NA,NA,NA,15N-assay,high,actual,NA,,NA,NA,NA,NA,,NA,NA,,2,3,NA,NA,,NA,NA,NA,NA,NA,NA,DNRA_percent_data,NA,Aaron,NA,Data used to make Figure 2 (% DNRA across a variety of ecosystems) in Burgin and Hamilton 2007.,NA,NA,NA,NA,NA
Riviera-Monroy,1995,NA,NA,,NA,NA,NA,Mexico,mangrove_Burgin-2007,,no,NA,NA,NA,NA,15N-assay,high,actual,NA,,NA,NA,NA,NA,,NA,NA,,3,100,NA,NA,,NA,NA,NA,NA,NA,NA,DNRA_percent_data,NA,Aaron,NA,Data used to make Figure 2 (% DNRA across a variety of ecosystems) in Burgin and Hamilton 2007.,NA,NA,NA,NA,NA
Tobias et al.,2001,NA,NA,,NA,NA,Virginia,USA,brackish-marsh_Burgin-2007,,no,NA,NA,NA,NA,15N-assay,high,actual,NA,,NA,NA,NA,NA,,NA,NA,,7,70,NA,NA,,NA,NA,NA,NA,NA,NA,DNRA_percent_data,NA,Aaron,NA,Data used to make Figure 2 (% DNRA across a variety of ecosystems) in Burgin and Hamilton 2007.,NA,NA,NA,NA,NA
Tobias et al.,2001,NA,NA,,NA,NA,Virginia,USA,brackish-marsh_Burgin-2007,,no,NA,NA,NA,NA,15N-assay,high,actual,NA,,NA,NA,NA,NA,,NA,NA,,1,7,NA,NA,,NA,NA,NA,NA,NA,NA,DNRA_percent_data,NA,Aaron,NA,Data used to make Figure 2 (% DNRA across a variety of ecosystems) in Burgin and Hamilton 2007.,NA,NA,NA,NA,NA
Kelso et al.,1997,NA,North_River,,NA,NA,Massachusetts,USA,river_altternate-freshwater-oligohaline_Burgin-2007,,no,NA,NA,NA,NA,15N-assay,high,actual,NA,,NA,NA,NA,NA,,NA,NA,,6,10,NA,NA,,NA,NA,NA,NA,NA,NA,DNRA_percent_data,NA,Aaron,NA,Data used to make Figure 2 (% DNRA across a variety of ecosystems) in Burgin and Hamilton 2007.,NA,NA,NA,NA,NA
Unknown,,NA,NA,,NA,NA,Northern_Ireland,UK,river_Burgin-2007,,yes,NA,NA,NA,NA,15N-assay,high,estimated,NA,,NA,NA,NA,NA,,NA,NA,,5,9,NA,NA,,NA,NA,NA,NA,NA,NA,DNRA_percent_data,NA,Aaron,NA,Data used to make Figure 2 (% DNRA across a variety of ecosystems) in Burgin and Hamilton 2007.,NA,NA,NA,NA,NA
Bengtsson and Annadotter,1989,NA,NA,,NA,NA,NA,Sweden,aquifer_Burgin-2007,,no,NA,NA,NA,NA,15N-assay,high,actual,NA,,NA,NA,NA,NA,,NA,NA,,22,60,NA,NA,,NA,NA,NA,NA,NA,NA,DNRA_percent_data,NA,Aaron,NA,Data used to make Figure 2 (% DNRA across a variety of ecosystems) in Burgin and Hamilton 2007.,NA,NA,NA,NA,NA
Buresh and Patrick,1978,NA,NA,,NA,NA,Louisiana,USA,rice-paddy_Burgin-2007,,yes,NA,NA,NA,NA,15N-assay,high,actual,NA,,NA,NA,NA,NA,,NA,NA,,1,56,NA,NA,,NA,NA,NA,NA,NA,NA,DNRA_percent_data,NA,Aaron,NA,Data used to make Figure 2 (% DNRA across a variety of ecosystems) in Burgin and Hamilton 2007.,NA,NA,NA,NA,NA
Yin et al.,2002,NA,NA,,NA,NA,NA,China,rice-paddy_Burgin-2007,,yes,NA,NA,NA,NA,15N-assay,high,actual,NA,,NA,NA,NA,NA,,NA,NA,,4,12,NA,NA,,NA,NA,NA,NA,NA,NA,DNRA_percent_data,NA,Aaron,NA,Data used to make Figure 2 (% DNRA across a variety of ecosystems) in Burgin and Hamilton 2007.,NA,NA,NA,NA,NA
Unknown,,NA,NA,,NA,NA,,New_Zealand,riparian_wetland_Burgin-2007,,yes,NA,NA,NA,NA,15N-assay,high,estimated,NA,,NA,NA,NA,NA,,NA,NA,,48,52,NA,NA,,NA,NA,NA,NA,NA,NA,DNRA_percent_data,NA,Aaron,NA,Data used to make Figure 2 (% DNRA across a variety of ecosystems) in Burgin and Hamilton 2007.,NA,NA,NA,NA,NA
Jahangir et al.,2017,In situ denitrification and DNRA rates in groundwater beneath an integrated constructed wetland,unnamed_wetland_groundwater,high-nutrient_shallow,52.174012,-7.259888,Munster,Ireland,constructed_wetland_groundwater,no,no,field,March_2014_to_May_2014,natural,NA,15N-enriched_nitrate-N_push-pull,high,actual,3,,NA,NA,2277,898,,ug_N_kg-1_d-1,mass,sediment_dry_wt,NA,NA,NA,NA,,NA,NA,NA,NA,NA,NA,N2_N2O_data,yes,Aaron,NA,"Shallow = 1 m below surface. Site used to treat municipal wastewater. Reported total nitrate removal, but includes all removal, not just dissimilatory. Mentioned high C concentration and high TC/NO₃⁻-N ratio in a reducing environment as the dominant control, but this was a hypothesis based on other studies and not measured.",NA,NA,1063,241,ug_N_kg-1_d-1
Jahangir et al.,2017,In situ denitrification and DNRA rates in groundwater beneath an integrated constructed wetland,unnamed_wetland_groundwater,low-nutrient_shallow,52.174012,-7.259888,Munster,Ireland,constructed_wetland_groundwater,no,no,field,March_2014_to_May_2014,natural,NA,15N-enriched_nitrate-N_push-pull,high,actual,3,,NA,NA,1448,375,,ug_N_kg-1_d-1,mass,sediment_dry_wt,NA,NA,NA,NA,,NA,NA,NA,NA,NA,NA,N2_N2O_data,yes,Aaron,NA,"Shallow = 1 m below surface. Site used to treat municipal wastewater. Total nitrate removal includes all removal, not just dissimilatory. Mentioned high C concentration and high TC/NO₃⁻-N ratio in a reducing environment as the dominant control, but this was a hypothesis based on other studies and not measured.",NA,NA,123,38,ug_N_kg-1_d-1
Jahangir et al.,2017,In situ denitrification and DNRA rates in groundwater beneath an integrated constructed wetland,unnamed_wetland_groundwater,high-nutrient_deep,52.174012,-7.259888,Munster,Ireland,constructed_wetland_groundwater,no,no,field,March_2014_to_May_2014,natural,NA,15N-enriched_nitrate-N_push-pull,high,actual,3,,NA,NA,804,440,,ug_N_kg-1_d-1,mass,sediment_dry_wt,NA,NA,NA,NA,,NA,NA,NA,NA,NA,NA,N2_N2O_data,yes,Aaron,NA,"Deep = 4 m below surface. Site used to treat municipal wastewater. Total nitrate removal includes all removal, not just dissimilatory. Mentioned high C concentration and high TC/NO₃⁻-N ratio in a reducing environment as the dominant control, but this was a hypothesis based on other studies and not measured.",NA,NA,341,128,ug_N_kg-1_d-1
Jahangir et al.,2017,In situ denitrification and DNRA rates in groundwater beneath an integrated constructed wetland,unnamed_wetland_groundwater,low-nutrient_deep,52.174012,-7.259888,Munster,Ireland,constructed_wetland_groundwater,no,no,field,March_2014_to_May_2014,natural,NA,15N-enriched_nitrate-N_push-pull,high,actual,3,,NA,NA,738,201,,ug_N_kg-1_d-1,mass,sediment_dry_wt,NA,NA,NA,NA,,NA,NA,NA,NA,NA,NA,N2_N2O_data,yes,Aaron,NA,"Deep = 4 m below surface. Site used to treat municipal wastewater. Total nitrate removal includes all removal, not just dissimilatory. Mentioned high C concentration and high TC/NO₃⁻-N ratio in a reducing environment as the dominant control, but this was a hypothesis based on other studies and not measured.",NA,NA,218,192,ug_N_kg-1_d-1
Payne et al.,2009,Sediment nitrate manipulation using porewater equilibrators reveals potential for N and S coupling in freshwaters,Turkey Marsh,,42.40644168,-85.4023262,Michigan,USA,wetland,,no,field,2008,potential,nitrate_addition,NA,,,NA,,NA,NA,NA,NA,,NA,NA,,NA,NA,NA,NA,,NA,NA,NA,NA,NA,NA,unknown,,Garrett,,"Doesn't appear to have actual DNRA rates. Instead they added nitrate to the water, measured NO3- dissapearance rates, and infered which processes were taking place based on increases/decreases in H2S, SO42-, and NH4+ concentrations. Also, note that most sites are lakes, but it seems like sampling took place in the wetlands along the lake perimiters ",,,,,
Payne et al.,2009,Sediment nitrate manipulation using porewater equilibrators reveals potential for N and S coupling in freshwaters,Loosestrife Pond ,,42.40644168,-85.4023262,Michigan,USA,wetland,,no,field,2008,potential,nitrate_addition,NA,,,NA,,NA,NA,NA,NA,,NA,NA,,NA,NA,NA,NA,,NA,NA,NA,NA,NA,NA,unknown,,Garrett,,"Doesn't appear to have actual DNRA rates. Instead they added nitrate to the water, measured NO3- dissapearance rates, and infered which processes were taking place based on increases/decreases in H2S, SO42-, and NH4+ concentrations. Also, note that most sites are lakes, but it seems like sampling took place in the wetlands along the lake perimiters ",,,,,
Payne et al.,2009,Sediment nitrate manipulation using porewater equilibrators reveals potential for N and S coupling in freshwaters,Wintergreen Lake ,,42.40644168,-85.4023262,Michigan,USA,wetland,,no,field,2008,potential,nitrate_addition,NA,,,NA,,NA,NA,NA,NA,,NA,NA,,NA,NA,NA,NA,,NA,NA,NA,NA,NA,NA,unknown,,Garrett,,"Doesn't appear to have actual DNRA rates. Instead they added nitrate to the water, measured NO3- dissapearance rates, and infered which processes were taking place based on increases/decreases in H2S, SO42-, and NH4+ concentrations. Also, note that most sites are lakes, but it seems like sampling took place in the wetlands along the lake perimiters ",,,,,
Payne et al.,2009,Sediment nitrate manipulation using porewater equilibrators reveals potential for N and S coupling in freshwaters,Windmill Pond,,42.40644168,-85.4023262,Michigan,USA,wetland,,no,field,2008,potential,nitrate_addition,NA,,,NA,,NA,NA,NA,NA,,NA,NA,,NA,NA,NA,NA,,NA,NA,NA,NA,NA,NA,unknown,,Garrett,,"Doesn't appear to have actual DNRA rates. Instead they added nitrate to the water, measured NO3- dissapearance rates, and infered which processes were taking place based on increases/decreases in H2S, SO42-, and NH4+ concentrations. Also, note that most sites are lakes, but it seems like sampling took place in the wetlands along the lake perimiters ",,,,,
Payne et al.,2009,Sediment nitrate manipulation using porewater equilibrators reveals potential for N and S coupling in freshwaters,Prairieville Creek,,42.40644168,-85.4023262,Michigan,USA,wetland,,no,field,2008,potential,nitrate_addition,NA,,,NA,,NA,NA,NA,NA,,NA,NA,,NA,NA,NA,NA,,NA,NA,NA,NA,NA,NA,unknown,,Garrett,,"Doesn't appear to have actual DNRA rates. Instead they added nitrate to the water, measured NO3- dissapearance rates, and infered which processes were taking place based on increases/decreases in H2S, SO42-, and NH4+ concentrations. Also, note that most sites are lakes, but it seems like sampling took place in the wetlands along the lake perimiters ",,,,,
Payne et al.,2009,Sediment nitrate manipulation using porewater equilibrators reveals potential for N and S coupling in freshwaters,Lawrence Lake ,,42.40644168,-85.4023262,Michigan,USA,wetland,,no,field,2008,potential,nitrate_addition,NA,,,NA,,NA,NA,NA,NA,,NA,NA,,NA,NA,NA,NA,,NA,NA,NA,NA,NA,NA,unknown,,Garrett,,"Doesn't appear to have actual DNRA rates. Instead they added nitrate to the water, measured NO3- dissapearance rates, and infered which processes were taking place based on increases/decreases in H2S, SO42-, and NH4+ concentrations. Also, note that most sites are lakes, but it seems like sampling took place in the wetlands along the lake perimiters ",,,,,
Payne et al.,2009,Sediment nitrate manipulation using porewater equilibrators reveals potential for N and S coupling in freshwaters,Three Lakes,,42.40644168,-85.4023262,Michigan,USA,wetland,,no,field,2008,potential,nitrate_addition,NA,,,NA,,NA,NA,NA,NA,,NA,NA,,NA,NA,NA,NA,,NA,NA,NA,NA,NA,NA,unknown,,Garrett,,NA,,,,,
Payne et al.,2009,Sediment nitrate manipulation using porewater equilibrators reveals potential for N and S coupling in freshwaters,Douglas Lake Outflow ,,42.40644168,-85.4023262,Michigan,USA,wetland,,no,field,2008,potential,nitrate_addition,NA,,,NA,,NA,NA,NA,NA,,NA,NA,,NA,NA,NA,NA,,NA,NA,NA,NA,NA,NA,unknown,,Garrett,,NA,,,,,
Pang et al,2021,Long-term sulfide input enhances chemoautotrophic denitrification rather than DNRA in freshwater lake sediments,Hongze_Lake,before_S_incubation,33.22388889,118.4278,Jiangsu,China,lake,yes,yes,Lab,July_2017_to_Oct_2017,potential,sulfate_addtiton,15N_isotope_tracing_technique,high,estimated,1,,NA,NA,1.55,NA,0.27,nmol_N_g-1_h-1,mass,sediment_dry_wt,NA,NA,15,NA,,0.02,0.06,NA,NA,mM_d-1,Organic Carbon,DNRA_percent_data,yes,Saraf,,Not sure if field or lab exp.,,,,,
Pang et al,2021,Long-term sulfide input enhances chemoautotrophic denitrification rather than DNRA in freshwater lake sediments,Hongze_Lake,after_S_incubation,33.22388889,118.4278,Jiangsu,China,lake,yes,yes,Lab,July_2017_to_Oct_2017,potential,sulfate_addtiton,15N_isotope_tracing_technique,high,estimated,1,,NA,NA,0,NA,0,nmol_N_g-1_h-1,mass,sediment_dry_wt,NA,NA,0,NA,,0.07,0.2,NA,NA,mM_d-1,Organic Carbon,DNRA_percent_data,yes,Saraf,,Not sure if field or lab exp.,,,,,
Pang et al,2021,Long-term sulfide input enhances chemoautotrophic denitrification rather than DNRA in freshwater lake sediments,Nansi_Lake,before_S_incubation,34.58694444,117.3219,Jiangsu,China,lake,yes,yes,Lab,July_2017_to_Oct_2017,potential,sulfate_addtiton,15N_isotope_tracing_technique,high,estimated,1,,NA,NA,5.42,NA,0.41,nmol_N_g-1_h-1,mass,sediment_dry_wt,NA,NA,27,NA,,NA,NA,NA,NA,NA,Organic Carbon,DNRA_percent_data,yes,Saraf,,Not sure if field or lab exp.,,,,,
Pang et al,2021,Long-term sulfide input enhances chemoautotrophic denitrification rather than DNRA in freshwater lake sediments,Nansi_Lake,after_S_incubation,34.58694444,117.3219,Jiangsu,China,lake,yes,yes,Lab,July_2017_to_Oct_2017,potential,sulfate_addtiton,15N_isotope_tracing_technique,high,estimated,1,,NA,NA,1.23,NA,0.1,nmol_N_g-1_h-1,mass,sediment_dry_wt,NA,NA,3.5,NA,,NA,NA,NA,NA,NA,Organic Carbon,DNRA_percent_data,yes,Saraf,,Not sure if field or lab exp.,,,,,
Matheson and Sukias,2010,Nitrate removal processes in a constructed wetland treating drainage from dairy pasture,Unnamed_wetland,,-37.733333,175.583333,Waikato,New_Zealand,constructed_wetland,yes,yes,field,October_2006,potential,nitrate_addition,15N_nitrate_tracer,high,actual,3,,0,8.8,NA,NA,,mg_N_m-2_d-1,areal,,1.918047079,4.426559356,NA,NA,,NA,NA,NA,NA,NA,"nitrate_abundance,soil_oxidation",N2_N2O_data,yes,Aaron,,"Measured in overlying water, porewater 0–5 cm, and porewater 5–10 cm. DNRA was detected only in porewater 0–5 cm. Dominant controls are speculated on, but not measured. Reduction to N2 and N2O calculated by mass balance.",190,450,337,66,mg_N_m-2_d-1
Zhang et al.,2017,"Responses of dissimilatory nitrate reduction to ammonium and denitrification to plant presence, plant species and species richness in simulated vertical flow constructed wetlands",vertical_flow_microcosm_wetland,unvegetated,28.56666667,121.35,Zhejiang,China,constructed_wetland,yes,no,field,2015,potential,plant_species_addition,15N_tracing_technique,high,estimated,5,,NA,NA,20,2.5,NA,ug_N_g-1_d-1,mass,sediment_dry_wt,NA,NA,NA,NA,,NA,NA,NA,NA,NA,plant_species,no,yes,Saraf,,NA,,,,,
Zhang et al.,2017,"Responses of dissimilatory nitrate reduction to ammonium and denitrification to plant presence, plant species and species richness in simulated vertical flow constructed wetlands",vertical_flow_microcosm_wetland,monovegetated_Iris pseudacorus,28.56666667,121.35,Zhejiang,China,constructed_wetland,yes,no,field,2015,potential,plant_species_addition,15N tracing technique,high,estimated,5,,NA,NA,32.5,2.6,NA,ug_N_g-1_d-1,mass,sediment_dry_wt,NA,NA,NA,NA,,NA,NA,NA,NA,NA,plant_species,no,yes,Saraf,,NA,,,,,
Zhang et al.,2017,"Responses of dissimilatory nitrate reduction to ammonium and denitrification to plant presence, plant species and species richness in simulated vertical flow constructed wetlands",vertical_flow_microcosm_wetland,monovegetated_Canna glauca,28.56666667,121.35,Zhejiang,China,constructed_wetland,yes,no,field,2015,potential,plant_species_addition,15N tracing technique,high,estimated,5,,NA,NA,19.1,2.7,NA,ug_N_g-1_d-1,mass,sediment_dry_wt,NA,NA,NA,NA,,NA,NA,NA,NA,NA,plant_species,no,yes,Saraf,,NA,,,,,
Zhang et al.,2017,"Responses of dissimilatory nitrate reduction to ammonium and denitrification to plant presence, plant species and species richness in simulated vertical flow constructed wetlands",vertical_flow_microcosm_wetland,monovegetated_Scirpus validus,28.56666667,121.35,Zhejiang,China,constructed_wetland,yes,no,field,2015,potential,plant_species_addition,15N tracing technique,high,estimated,5,,NA,NA,20,3.2,NA,ug_N_g-1_d-1,mass,sediment_dry_wt,NA,NA,NA,NA,,NA,NA,NA,NA,NA,plant_species,no,yes,Saraf,,NA,,,,,
Zhang et al.,2017,"Responses of dissimilatory nitrate reduction to ammonium and denitrification to plant presence, plant species and species richness in simulated vertical flow constructed wetlands",vertical_flow_microcosm_wetland,monovegetated_Cyperus alternifolius,28.56666667,121.35,Zhejiang,China,constructed_wetland,yes,no,field,2015,potential,plant_species_addition,15N tracing technique,high,estimated,5,,NA,NA,14.39,2.9,NA,ug_N_g-1_d-1,mass,sediment_dry_wt,NA,NA,NA,NA,,NA,NA,NA,NA,NA,plant_species,no,yes,Saraf,,NA,,,,,
Zhang et al.,2017,"Responses of dissimilatory nitrate reduction to ammonium and denitrification to plant presence, plant species and species richness in simulated vertical flow constructed wetlands",vertical_flow_microcosm_wetland,monovegetated_Avg,28.56666667,121.35,Zhejiang,China,constructed_wetland,yes,no,field,2015,potential,plant_species_addition,15N tracing technique,high,estimated,5,,NA,NA,25.29,3.1,NA,ug_N_g-1_d-1,mass,sediment_dry_wt,NA,NA,NA,NA,,NA,NA,NA,NA,NA,plant_species,no,yes,Saraf,,NA,,,,,
Zhang et al.,2017,"Responses of dissimilatory nitrate reduction to ammonium and denitrification to plant presence, plant species and species richness in simulated vertical flow constructed wetlands",vertical_flow_microcosm_wetland,polyvegetated_with_four_species,28.56666667,121.35,Zhejiang,China,constructed_wetland,yes,no,field,2015,potential,plant_species_addition,15N_tracing_technique,high,estimated,5,,NA,NA,38.12,3.2,NA,ug_N_g-1_d-1,mass,sediment_dry_wt,NA,NA,NA,NA,,NA,NA,NA,NA,NA,plant_species,no,yes,Saraf,,NA,,,,,
Rahman et al.,2019,Factors controlling dissimilatory nitrate reduction processes in constructed stormwater urban wetlands,huntingdale_road_wetland_intact_core_inlet_05_2015,,-37.893445,145.108504,Melbourne,Australia,constructed_wetland,,no,field,April_2015_to_February_2016,natural,NA,isotope_pairing_technique,high,estimated,4,,NA,NA,NA,NA,,NA,NA,,NA,NA,NA,NA,,NA,NA,NA,NA,NA,temperature_porewater_Fe2+_chl-a_and_silt content,no,yes,Saraf,Help-not sure lab or field test,Data are presented through bar charts no direct value_so estimated from graphs,,,,,
Rahman et al.,2019,Factors controlling dissimilatory nitrate reduction processes in constructed stormwater urban wetlands,huntingdale_road_wetland_intact core_midpoint_05_2015,,-37.893445,145.108504,Melbourne,Australia,constructed_wetland,,no,field,April_2015_to_February_2016,natural,NA,isotope_pairing_technique,high,estimated,4,,NA,NA,NA,NA,,NA,NA,,NA,NA,NA,NA,,NA,NA,NA,NA,NA,temperature_porewater_Fe2+_chl-a_and_silt content,no,yes,Saraf,help -not sure lab or field test,Data are presented through bar charts no direct value_so estimated from graphs,,,,,
Rahman et al.,2019,Factors controlling dissimilatory nitrate reduction processes in constructed stormwater urban wetlands,huntingdale_road_wetland_intact_core_outlet_05_2015,,-37.893445,145.108504,Melbourne,Australia,constructed_wetland,,no,field,April_2015_to_February_2016,natural,NA,isotope_pairing_technique,high,estimated,4,,NA,NA,NA,NA,,NA,NA,,NA,NA,NA,NA,,NA,NA,NA,NA,NA,temperature_porewater_Fe2+_chl-a_and_silt content,no,yes,Saraf,Help-not sure lab or field test,Data are presented through bar charts no direct value_so estimated from graphs,,,,,
Rahman et al.,2019,Factors controlling dissimilatory nitrate reduction processes in constructed stormwater urban wetlands,huntingdale_road_wetland_intact_core_inlet_08_2015,,-37.893445,145.108504,Melbourne,Australia,constructed_wetland,,no,field,April_2015_to_February_2016,natural,NA,isotope_pairing_technique,high,estimated,4,,NA,NA,87,30,,umol_14NH4+_m-2_h-1,not_comparable,,NA,NA,NA,NA,,NA,NA,NA,NA,NA,temperature_porewater_Fe2+_chl-a_and_silt content,no,yes,Saraf,Help-not sure lab or field test,Data are presented through bar charts no direct value_so estimated from graphs,,,,,
Rahman et al.,2019,Factors controlling dissimilatory nitrate reduction processes in constructed stormwater urban wetlands,huntingdale_road_wetland_intact_core_midpoint_08_2015,,-37.893445,145.108504,Melbourne,Australia,constructed_wetland,,no,field,April_2015_to_February_2016,natural,NA,isotope_pairing_technique,high,estimated,4,,NA,NA,22,7,,umol_14NH4+_m-2_h-1,not_comparable,,NA,NA,NA,NA,,NA,NA,NA,NA,NA,temperature_porewater_Fe2+_chl-a_and_silt content,no,yes,Saraf,Help-not sure lab or field test,Data are presented through bar charts no direct value_so estimated from graphs,,,,,
Rahman et al.,2019,Factors controlling dissimilatory nitrate reduction processes in constructed stormwater urban wetlands,huntingdale_road_wetland_intact_core_outlet_08_2015,,-37.893445,145.108504,Melbourne,Australia,constructed_wetland,,no,field,April_2015_to_February_2016,natural,NA,isotope_pairing_technique,high,estimated,4,,NA,NA,48,13,,umol_14NH4+_m-2_h-1,not_comparable,,NA,NA,NA,NA,,NA,NA,NA,NA,NA,temperature_porewater_Fe2+_chl-a_and_silt content,no,yes,Saraf,Help-not sure lab or field test,Data are presented through bar charts no direct value_so estimated from graphs,,,,,
Rahman et al.,2019,Factors controlling dissimilatory nitrate reduction processes in constructed stormwater urban wetlands,huntingdale_road_wetland_intact_core_inlet_01_2016,,-37.893445,145.108504,Melbourne,Australia,constructed_wetland,,no,field,April_2015_to_February_2016,natural,NA,isotope_pairing_technique,high,estimated,4,,NA,NA,11,10.5,,umol_14NH4+_m-2_h-1,not_comparable,,NA,NA,NA,NA,,NA,NA,NA,NA,NA,temperature_porewater_Fe2+_chl-a_and_silt content,no,yes,Saraf,Help-not sure lab or field test,Data are presented through bar charts no direct value_so estimated from graphs,,,,,
Rahman et al.,2019,Factors controlling dissimilatory nitrate reduction processes in constructed stormwater urban wetlands,huntingdale_road_wetland_intact_core_midpoint_01_2016,,-37.893445,145.108504,Melbourne,Australia,constructed_wetland,,no,field,April_2015_to_February_2016,natural,NA,isotope_pairing_technique,high,estimated,4,,NA,NA,12,0.5,,umol_14NH4+_m-2_h-1,not_comparable,,NA,NA,NA,NA,,NA,NA,NA,NA,NA,temperature_porewater_Fe2+_chl-a_and_silt content,no,yes,Saraf,Help-not sure lab or field test,Data are presented through bar charts no direct value_so estimated from graphs,,,,,
Rahman et al.,2019,Factors controlling dissimilatory nitrate reduction processes in constructed stormwater urban wetlands,huntingdale_road_wetland_intact_core_outlet_01_2016,,-37.893445,145.108504,Melbourne,Australia,constructed_wetland,,no,field,April_2015_to_February_2016,natural,NA,isotope_pairing_technique,high,estimated,4,,NA,NA,3,0.5,,umol_14NH4+_m-2_h-1,not_comparable,,NA,NA,NA,NA,,NA,NA,NA,NA,NA,temperature_porewater_Fe2+_chl-a_and_silt content,no,yes,Saraf,Help-not sure lab or field test,Data are presented through bar charts no direct value_so estimated from graphs,,,,,
Rahman et al.,2019,Factors controlling dissimilatory nitrate reduction processes in constructed stormwater urban wetlands,cascades_on_clyde_wetland_intact_core_inlet_04_2015,,-38.101676,145.326825,Melbourne,Australia,constructed_wetland,,no,field,April_2015_to_February_2016,natural,NA,isotope_pairing_technique,high,estimated,4,,NA,NA,62,18,,umol_14NH4+_m-2_h-1,not_comparable,,NA,NA,NA,NA,,NA,NA,NA,NA,NA,temperature_porewater_Fe2+_chl-a_and_silt content,no,yes,Saraf,Help-not sure lab or field test,Data are presented through bar charts no direct value_so estimated from graphs,,,,,
Rahman et al.,2019,Factors controlling dissimilatory nitrate reduction processes in constructed stormwater urban wetlands,cascades_on_clyde_wetland_intact core_midpoint_04_2015,,-38.101676,145.326825,Melbourne,Australia,constructed_wetland,,no,field,April_2015_to_February_2016,natural,NA,isotope_pairing_technique,high,estimated,4,,NA,NA,85,20,,umol_14NH4+_m-2_h-1,not_comparable,,NA,NA,NA,NA,,NA,NA,NA,NA,NA,temperature_porewater_Fe2+_chl-a_and_silt content,no,yes,Saraf,Help-not sure lab or field test,Data are presented through bar charts no direct value_so estimated from graphs,,,,,
Rahman et al.,2019,Factors controlling dissimilatory nitrate reduction processes in constructed stormwater urban wetlands,cascades_on_clyde_wetland_intact_core_outlet_04_2015,,-38.101676,145.326825,Melbourne,Australia,constructed_wetland,,no,field,April_2015_to_February_2016,natural,NA,isotope_pairing_technique,high,estimated,4,,NA,NA,140,40,,umol_14NH4+_m-2_h-1,not_comparable,,NA,NA,NA,NA,,NA,NA,NA,NA,NA,temperature_porewater_Fe2+_chl-a_and_silt content,no,yes,Saraf,Help-not sure lab or field test,Data are presented through bar charts no direct value_so estimated from graphs,,,,,
Rahman et al.,2019,Factors controlling dissimilatory nitrate reduction processes in constructed stormwater urban wetlands,cascades_on_clyde_wetland_intact_core_inlet_09_2015,,-38.101676,145.326825,Melbourne,Australia,constructed_wetland,,no,field,April_2015_to_February_2016,natural,NA,isotope_pairing_technique,high,estimated,4,,NA,NA,139,38,,umol_14NH4+_m-2_h-1,not_comparable,,NA,NA,NA,NA,,NA,NA,NA,NA,NA,temperature_porewater_Fe2+_chl-a_and_silt content,no,yes,Saraf,Help-not sure lab or field test,Data are presented through bar charts no direct value_so estimated from graphs,,,,,
Rahman et al.,2019,Factors controlling dissimilatory nitrate reduction processes in constructed stormwater urban wetlands,cascades_on_clyde_wetland_intact_core_midpoint_09_2015,,-38.101676,145.326825,Melbourne,Australia,constructed_wetland,,no,field,April_2015_to_February_2016,natural,NA,isotope_pairing_technique,high,estimated,4,,NA,NA,11,9,,umol_14NH4+_m-2_h-1,not_comparable,,NA,NA,NA,NA,,NA,NA,NA,NA,NA,temperature_porewater_Fe2+_chl-a_and_silt content,no,yes,Saraf,Help-not sure lab or field test,Data are presented through bar charts no direct value_so estimated from graphs,,,,,
Rahman et al.,2019,Factors controlling dissimilatory nitrate reduction processes in constructed stormwater urban wetlands,cascades_on_clyde_wetland_intact_core_outlet_09_2015,,-38.101676,145.326825,Melbourne,Australia,constructed_wetland,,no,field,April_2015_to_February_2016,natural,NA,isotope_pairing_technique,high,estimated,4,,NA,NA,125,50,,umol_14NH4+_m-2_h-1,not_comparable,,NA,NA,NA,NA,,NA,NA,NA,NA,NA,temperature_porewater_Fe2+_chl-a_and_silt content,no,yes,Saraf,Help-not sure lab or field test,Data are presented through bar charts no direct value_so estimated from graphs,,,,,
Rahman et al.,2019,Factors controlling dissimilatory nitrate reduction processes in constructed stormwater urban wetlands,cascades_on_clyde_wetland_intact_core_inlet_02_2016,,-38.101676,145.326825,Melbourne,Australia,constructed_wetland,,no,field,April_2015_to_February_2016,natural,NA,isotope_pairing_technique,high,estimated,4,,NA,NA,41,10,,umol_14NH4+_m-2_h-1,not_comparable,,NA,NA,NA,NA,,NA,NA,NA,NA,NA,temperature_porewater_Fe2+_chl-a_and_silt content,no,yes,Saraf,Help-not sure lab or field test,Data are presented through bar charts no direct value_so estimated from graphs,,,,,
Rahman et al.,2019,Factors controlling dissimilatory nitrate reduction processes in constructed stormwater urban wetlands,cascades_on_clyde_wetland_intact_core_midpoint_02_2016,,-38.101676,145.326825,Melbourne,Australia,constructed_wetland,,no,field,April_2015_to_February_2016,natural,NA,isotope_pairing_technique,high,estimated,4,,NA,NA,25,10,,umol_14NH4+_m-2_h-1,not_comparable,,NA,NA,NA,NA,,NA,NA,NA,NA,NA,temperature_porewater_Fe2+_chl-a_and_silt content,no,yes,Saraf,Help-not sure lab or field test,Data are presented through bar charts no direct value_so estimated from graphs,,,,,
Rahman et al.,2019,Factors controlling dissimilatory nitrate reduction processes in constructed stormwater urban wetlands,cascades_on_clyde_wetland_intact_core_outlet_02_2016,,-38.101676,145.326825,Melbourne,Australia,constructed_wetland,,no,field,April_2015_to_February_2016,natural,NA,isotope_pairing_technique,high,estimated,4,,NA,NA,2.2,0.5,,umol_14NH4+_m-2_h-1,not_comparable,,NA,NA,NA,NA,,NA,NA,NA,NA,NA,temperature_porewater_Fe2+_chl-a_and_silt content,no,yes,Saraf,Help-not sure lab or field test,Data are presented through bar charts no direct value_so estimated from graphs,,,,,
Rahman et al.,2019,Factors controlling dissimilatory nitrate reduction processes in constructed stormwater urban wetlands,koolamara_blvd_wetland_intact_core_inlet_04_2015,,-37.898664,145.279795,Melbourne,Australia,constructed_wetland,,no,field,April_2015_to_February_2016,natural,NA,isotope_pairing_technique,high,estimated,4,,NA,NA,67,60,,umol_14NH4+_m-2_h-1,not_comparable,,NA,NA,NA,NA,,NA,NA,NA,NA,NA,temperature_porewater_Fe2+_chl-a_and_silt content,no,yes,Saraf,Help-not sure lab or field test,Data are presented through bar charts no direct value_so estimated from graphs,,,,,
Rahman et al.,2019,Factors controlling dissimilatory nitrate reduction processes in constructed stormwater urban wetlands,koolamara_blvd_wetland_intact core_midpoint_04_2015,,-37.898664,145.279795,Melbourne,Australia,constructed_wetland,,no,field,April_2015_to_February_2016,natural,NA,isotope_pairing_technique,high,estimated,4,,NA,NA,85,60,,umol_14NH4+_m-2_h-1,not_comparable,,NA,NA,NA,NA,,NA,NA,NA,NA,NA,temperature_porewater_Fe2+_chl-a_and_silt content,no,yes,Saraf,Help-not sure lab or field test,Data are presented through bar charts no direct value_so estimated from graphs,,,,,
Rahman et al.,2019,Factors controlling dissimilatory nitrate reduction processes in constructed stormwater urban wetlands,koolamara_blvd_wetland_intact_core_outlet_04_2015,,-37.898664,145.279795,Melbourne,Australia,constructed_wetland,,no,field,April_2015_to_February_2016,natural,NA,isotope_pairing_technique,high,estimated,4,,NA,NA,11,8,,umol_14NH4+_m-2_h-1,not_comparable,,NA,NA,NA,NA,,NA,NA,NA,NA,NA,temperature_porewater_Fe2+_chl-a_and_silt content,no,yes,Saraf,Help-not sure lab or field test,Data are presented through bar charts no direct value_so estimated from graphs,,,,,
Rahman et al.,2019,Factors controlling dissimilatory nitrate reduction processes in constructed stormwater urban wetlands,koolamara_blvd_wetland_intact_core_inlet_08_2015,,-37.898664,145.279795,Melbourne,Australia,constructed_wetland,,no,field,April_2015_to_February_2016,natural,NA,isotope_pairing_technique,high,estimated,4,,NA,NA,40,20,,umol_14NH4+_m-2_h-1,not_comparable,,NA,NA,NA,NA,,NA,NA,NA,NA,NA,temperature_porewater_Fe2+_chl-a_and_silt content,no,yes,Saraf,Help-not sure lab or field test,Data are presented through bar charts no direct value_so estimated from graphs,,,,,
Rahman et al.,2019,Factors controlling dissimilatory nitrate reduction processes in constructed stormwater urban wetlands,koolamara_blvd_wetland_intact_core_midpoint_08_2015,,-37.898664,145.279795,Melbourne,Australia,constructed_wetland,,no,field,April_2015_to_February_2016,natural,NA,isotope_pairing_technique,high,estimated,4,,NA,NA,22,2,,umol_14NH4+_m-2_h-1,not_comparable,,NA,NA,NA,NA,,NA,NA,NA,NA,NA,temperature_porewater_Fe2+_chl-a_and_silt content,no,yes,Saraf,Help-not sure lab or field test,Data are presented through bar charts no direct value_so estimated from graphs,,,,,
Rahman et al.,2019,Factors controlling dissimilatory nitrate reduction processes in constructed stormwater urban wetlands,koolamara_blvd_wetland_intact_core_outlet_08_2015,,-37.898664,145.279795,Melbourne,Australia,constructed_wetland,,no,field,April_2015_to_February_2016,natural,NA,isotope_pairing_technique,high,estimated,4,,NA,NA,23,3,,umol_14NH4+_m-2_h-1,not_comparable,,NA,NA,NA,NA,,NA,NA,NA,NA,NA,temperature_porewater_Fe2+_chl-a_and_silt content,no,yes,Saraf,Help-not sure lab or field test,Data are presented through bar charts no direct value_so estimated from graphs,,,,,
Rahman et al.,2019,Factors controlling dissimilatory nitrate reduction processes in constructed stormwater urban wetlands,koolamara_blvd_wetland_intact_core_inlet_02_2016,,-37.898664,145.279795,Melbourne,Australia,constructed_wetland,,no,field,April_2015_to_February_2016,natural,NA,isotope_pairing_technique,high,estimated,4,,NA,NA,64,30,,umol_14NH4+_m-2_h-1,not_comparable,,NA,NA,NA,NA,,NA,NA,NA,NA,NA,temperature_porewater_Fe2+_chl-a_and_silt content,no,yes,Saraf,Help-not sure lab or field test,Data are presented through bar charts no direct value_so estimated from graphs,,,,,
Rahman et al.,2019,Factors controlling dissimilatory nitrate reduction processes in constructed stormwater urban wetlands,koolamara_blvd_wetland_intact_core_midpoint_02_2016,,-37.898664,145.279795,Melbourne,Australia,constructed_wetland,,no,field,April_2015_to_February_2016,natural,NA,isotope_pairing_technique,high,estimated,4,,NA,NA,63,27,,umol_14NH4+_m-2_h-1,not_comparable,,NA,NA,NA,NA,,NA,NA,NA,NA,NA,temperature_porewater_Fe2+_chl-a_and_silt content,no,yes,Saraf,Help-not sure lab or field test,Data are presented through bar charts no direct value_so estimated from graphs,,,,,
Rahman et al.,2019,Factors controlling dissimilatory nitrate reduction processes in constructed stormwater urban wetlands,koolamara_blvd_wetland_intact_core_outlet_02_2016,,-37.898664,145.279795,Melbourne,Australia,constructed_wetland,,no,field,April_2015_to_February_2016,natural,NA,isotope_pairing_technique,high,estimated,4,,NA,NA,25,10,,umol_14NH4+_m-2_h-1,not_comparable,,NA,NA,NA,NA,,NA,NA,NA,NA,NA,temperature_porewater_Fe2+_chl-a_and_silt content,no,yes,Saraf,Help-not sure lab or field test,Data are presented through bar charts no direct value_so estimated from graphs,,,,,
Rahman et al.,2019,Factors controlling dissimilatory nitrate reduction processes in constructed stormwater urban wetlands,namatjira_reserve_wetland_intact_core_inlet_05_2015,,-37.935064,145.112558,Melbourne,Australia,constructed_wetland,,no,field,April_2015_to_February_2016,natural,NA,isotope_pairing_technique,high,estimated,4,,NA,NA,102,27,,umol_14NH4+_m-2_h-1,not_comparable,,NA,NA,NA,NA,,NA,NA,NA,NA,NA,temperature_porewater_Fe2+_chl-a_and_silt content,no,yes,Saraf,Help-not sure lab or field test,Data are presented through bar charts no direct value_so estimated from graphs,,,,,
Rahman et al.,2019,Factors controlling dissimilatory nitrate reduction processes in constructed stormwater urban wetlands,namatjira_reserve_wetland_intact core_midpoint_05_2015,,-37.935064,145.112558,Melbourne,Australia,constructed_wetland,,no,field,April_2015_to_February_2016,natural,NA,isotope_pairing_technique,high,estimated,4,,NA,NA,5,1.5,,umol_14NH4+_m-2_h-1,not_comparable,,NA,NA,NA,NA,,NA,NA,NA,NA,NA,temperature_porewater_Fe2+_chl-a_and_silt content,no,yes,Saraf,Help-not sure lab or field test,Data are presented through bar charts no direct value_so estimated from graphs,,,,,
Rahman et al.,2019,Factors controlling dissimilatory nitrate reduction processes in constructed stormwater urban wetlands,namatjira_reserve_wetland_intact_core_outlet_05_2015,,-37.935064,145.112558,Melbourne,Australia,constructed_wetland,,no,field,April_2015_to_February_2016,natural,NA,isotope_pairing_technique,high,estimated,4,,NA,NA,113,25,,umol_14NH4+_m-2_h-1,not_comparable,,NA,NA,NA,NA,,NA,NA,NA,NA,NA,temperature_porewater_Fe2+_chl-a_and_silt content,no,yes,Saraf,Help-not sure lab or field test,Data are presented through bar charts no direct value_so estimated from graphs,,,,,
Rahman et al.,2019,Factors controlling dissimilatory nitrate reduction processes in constructed stormwater urban wetlands,namatjira_reserve_wetland_intact_core_inlet_09_2015,,-37.935064,145.112558,Melbourne,Australia,constructed_wetland,,no,field,April_2015_to_February_2016,natural,NA,isotope_pairing_technique,high,estimated,4,,NA,NA,86,25,,umol_14NH4+_m-2_h-1,not_comparable,,NA,NA,NA,NA,,NA,NA,NA,NA,NA,temperature_porewater_Fe2+_chl-a_and_silt content,no,yes,Saraf,Help-not sure lab or field test,Data are presented through bar charts no direct value_so estimated from graphs,,,,,
Rahman et al.,2019,Factors controlling dissimilatory nitrate reduction processes in constructed stormwater urban wetlands,namatjira_reserve_wetland_intact_core_midpoint_09_2015,,-37.935064,145.112558,Melbourne,Australia,constructed_wetland,,no,field,April_2015_to_February_2016,natural,NA,isotope_pairing_technique,high,estimated,4,,NA,NA,24,1.5,,umol_14NH4+_m-2_h-1,not_comparable,,NA,NA,NA,NA,,NA,NA,NA,NA,NA,temperature_porewater_Fe2+_chl-a_and_silt content,no,yes,Saraf,Help-not sure lab or field test,Data are presented through bar charts no direct value_so estimated from graphs,,,,,
Rahman et al.,2019,Factors controlling dissimilatory nitrate reduction processes in constructed stormwater urban wetlands,namatjira_reserve_wetland_intact_core_outlet_09_2015,,-37.935064,145.112558,Melbourne,Australia,constructed_wetland,,no,field,April_2015_to_February_2016,natural,NA,isotope_pairing_technique,high,estimated,4,,NA,NA,77,30,,umol_14NH4+_m-2_h-1,not_comparable,,NA,NA,NA,NA,,NA,NA,NA,NA,NA,temperature_porewater_Fe2+_chl-a_and_silt content,no,yes,Saraf,Help-not sure lab or field test,Data are presented through bar charts no direct value_so estimated from graphs,,,,,
Rahman et al.,2019,Factors controlling dissimilatory nitrate reduction processes in constructed stormwater urban wetlands,namatjira_reserve_wetland_intact_core_inlet_01_2016,,-37.935064,145.112558,Melbourne,Australia,constructed_wetland,,no,field,April_2015_to_February_2016,natural,NA,isotope_pairing_technique,high,estimated,4,,NA,NA,2.5,1.7,,umol_14NH4+_m-2_h-1,not_comparable,,NA,NA,NA,NA,,NA,NA,NA,NA,NA,temperature_porewater_Fe2+_chl-a_and_silt content,no,yes,Saraf,Help-not sure lab or field test,Data are presented through bar charts no direct value_so estimated from graphs,,,,,
Rahman et al.,2019,Factors controlling dissimilatory nitrate reduction processes in constructed stormwater urban wetlands,namatjira_reserve_wetland_intact_core_midpoint_01_2016,,-37.935064,145.112558,Melbourne,Australia,constructed_wetland,,no,field,April_2015_to_February_2016,natural,NA,isotope_pairing_technique,high,estimated,4,,NA,NA,2,0.2,,umol_14NH4+_m-2_h-1,not_comparable,,NA,NA,NA,NA,,NA,NA,NA,NA,NA,temperature_porewater_Fe2+_chl-a_and_silt content,no,yes,Saraf,Help-not sure lab or field test,Data are presented through bar charts no direct value_so estimated from graphs,,,,,
Rahman et al.,2019,Factors controlling dissimilatory nitrate reduction processes in constructed stormwater urban wetlands,namatjira_reserve_wetland_intact_core_outlet_01_2016,,-37.935064,145.112558,Melbourne,Australia,constructed_wetland,,no,field,April_2015_to_February_2016,natural,NA,isotope_pairing_technique,high,estimated,4,,NA,NA,1.8,0.4,,umol_14NH4+_m-2_h-1,not_comparable,,NA,NA,NA,NA,,NA,NA,NA,NA,NA,temperature_porewater_Fe2+_chl-a_and_silt content,no,yes,Saraf,Help-not sure lab or field test,Data are presented through bar charts no direct value_so estimated from graphs,,,,,
Rahman et al.,2019,Factors controlling dissimilatory nitrate reduction processes in constructed stormwater urban wetlands,huntingdale_road_wetland_slurry_sample_inlet_01_2016,,-37.893445,145.108504,Melbourne,Australia,constructed_wetland,,no,Lab,December_2014_to_February_2016,potential,15N-NO3-1_addition,isotope_pairing_technique,high,estimated,4,,NA,NA,4.9,0.1,,umol_15NH4+_L-1_slurry_h-1,not_comparable,,NA,NA,NA,NA,,NA,NA,NA,NA,NA,temperature_porewater_Fe2+_chl-a_and_silt content,no,yes,Saraf,Help-not sure lab or field test,Data are presented through bar charts no direct value_so estimated from graphs,,,,,
Rahman et al.,2019,Factors controlling dissimilatory nitrate reduction processes in constructed stormwater urban wetlands,huntingdale_road_wetland_slurry_sample_midpoint_01_2016,,-37.893445,145.108504,Melbourne,Australia,constructed_wetland,,no,Lab,December_2014_to_February_2016,potential,15N-NO3-1_addition,isotope_pairing_technique,high,estimated,4,,NA,NA,3.2,0.5,,umol_15NH4+_L-1_slurry_h-1,not_comparable,,NA,NA,NA,NA,,NA,NA,NA,NA,NA,temperature_porewater_Fe2+_chl-a_and_silt content,no,yes,Saraf,Help-not sure lab or field test,Data are presented through bar charts no direct value_so estimated from graphs,,,,,
Rahman et al.,2019,Factors controlling dissimilatory nitrate reduction processes in constructed stormwater urban wetlands,huntingdale_road_wetland_slurry_sample_outlet_01_2016,,-37.893445,145.108504,Melbourne,Australia,constructed_wetland,,no,Lab,December_2014_to_February_2016,potential,15N-NO3-1_addition,isotope_pairing_technique,high,estimated,4,,NA,NA,4,0.5,,umol_15NH4+_L-1_slurry_h-1,not_comparable,,NA,NA,NA,NA,,NA,NA,NA,NA,NA,temperature_porewater_Fe2+_chl-a_and_silt content,no,yes,Saraf,Help-not sure lab or field test,Data are presented through bar charts no direct value_so estimated from graphs,,,,,
Rahman et al.,2019,Factors controlling dissimilatory nitrate reduction processes in constructed stormwater urban wetlands,cascades_on_clyde_wetland_slurry_sample_inlet_01_2015,,-38.101676,145.326825,Melbourne,Australia,constructed_wetland,,no,Lab,December_2014_to_February_2016,potential,15N-NO3-1_addition,isotope_pairing_technique,high,estimated,4,,NA,NA,3.9,1,,umol_15NH4+_L-1_slurry_h-1,not_comparable,,NA,NA,NA,NA,,NA,NA,NA,NA,NA,temperature_porewater_Fe2+_chl-a_and_silt content,no,yes,Saraf,Help-not sure lab or field test,Data are presented through bar charts no direct value_so estimated from graphs,,,,,
Rahman et al.,2019,Factors controlling dissimilatory nitrate reduction processes in constructed stormwater urban wetlands,cascades_on_clyde_wetland_slurry_sample_midpoint_01_2015,,-38.101676,145.326825,Melbourne,Australia,constructed_wetland,,no,Lab,December_2014_to_February_2016,potential,15N-NO3-1_addition,isotope_pairing_technique,high,estimated,4,,NA,NA,11,2,,umol_15NH4+_L-1_slurry_h-1,not_comparable,,NA,NA,47,NA,,NA,NA,NA,NA,NA,temperature_porewater_Fe2+_chl-a_and_silt content,yes,yes,Saraf,Help-not sure lab or field test,Data are presented through bar charts no direct value_so estimated from graphs,,,,,
Rahman et al.,2019,Factors controlling dissimilatory nitrate reduction processes in constructed stormwater urban wetlands,cascades_on_clyde_wetland_slurry_sample_outlet_01_2015,,-38.101676,145.326825,Melbourne,Australia,constructed_wetland,,no,Lab,December_2014_to_February_2016,potential,15N-NO3-1_addition,isotope_pairing_technique,high,estimated,4,,NA,NA,8.5,1.3,,umol_15NH4+_L-1_slurry_h-1,not_comparable,,NA,NA,NA,NA,,NA,NA,NA,NA,NA,temperature_porewater_Fe2+_chl-a_and_silt content,no,yes,Saraf,Help-not sure lab or field test,Data are presented through bar charts no direct value_so estimated from graphs,,,,,
Rahman et al.,2019,Factors controlling dissimilatory nitrate reduction processes in constructed stormwater urban wetlands,cascades_on_clyde_wetland_slurry_sample_inlet_04_2015,,-38.101676,145.326825,Melbourne,Australia,constructed_wetland,,no,Lab,December_2014_to_February_2016,potential,15N-NO3-1_addition,isotope_pairing_technique,high,estimated,4,,NA,NA,1,0.8,,umol_15NH4+_L-1_slurry_h-1,not_comparable,,NA,NA,NA,NA,,NA,NA,NA,NA,NA,temperature_porewater_Fe2+_chl-a_and_silt content,no,yes,Saraf,Help-not sure lab or field test,Data are presented through bar charts no direct value_so estimated from graphs,,,,,
Rahman et al.,2019,Factors controlling dissimilatory nitrate reduction processes in constructed stormwater urban wetlands,cascades_on_clyde_wetland_slurry_sample_midpoint_04_2015,,-38.101676,145.326825,Melbourne,Australia,constructed_wetland,,no,Lab,December_2014_to_February_2016,potential,15N-NO3-1_addition,isotope_pairing_technique,high,estimated,4,,NA,NA,2.6,1,,umol_15NH4+_L-1_slurry_h-1,not_comparable,,NA,NA,NA,NA,,NA,NA,NA,NA,NA,temperature_porewater_Fe2+_chl-a_and_silt content,no,yes,Saraf,Help-not sure lab or field test,Data are presented through bar charts no direct value_so estimated from graphs,,,,,
Rahman et al.,2019,Factors controlling dissimilatory nitrate reduction processes in constructed stormwater urban wetlands,cascades_on_clyde_wetland_slurry_sample_outlet_04_2015,,-38.101676,145.326825,Melbourne,Australia,constructed_wetland,,no,Lab,December_2014_to_February_2016,potential,15N-NO3-1_addition,isotope_pairing_technique,high,estimated,4,,NA,NA,1,0.9,,umol_15NH4+_L-1_slurry_h-1,not_comparable,,NA,NA,NA,NA,,NA,NA,NA,NA,NA,temperature_porewater_Fe2+_chl-a_and_silt content,no,yes,Saraf,Help-not sure lab or field test,Data are presented through bar charts no direct value_so estimated from graphs,,,,,
Rahman et al.,2019,Factors controlling dissimilatory nitrate reduction processes in constructed stormwater urban wetlands,cascades_on_clyde_wetland_slurry_sample_inlet_02_2016,,-38.101676,145.326825,Melbourne,Australia,constructed_wetland,,no,Lab,December_2014_to_February_2016,potential,15N-NO3-1_addition,isotope_pairing_technique,high,estimated,4,,NA,NA,4.5,0.6,,umol_15NH4+_L-1_slurry_h-1,not_comparable,,NA,NA,NA,NA,,NA,NA,NA,NA,NA,temperature_porewater_Fe2+_chl-a_and_silt content,no,yes,Saraf,Help-not sure lab or field test,Data are presented through bar charts no direct value_so estimated from graphs,,,,,
Rahman et al.,2019,Factors controlling dissimilatory nitrate reduction processes in constructed stormwater urban wetlands,cascades_on_clyde_wetland_slurry_sample_midpoint_02_2016,,-38.101676,145.326825,Melbourne,Australia,constructed_wetland,,no,Lab,December_2014_to_February_2016,potential,15N-NO3-1_addition,isotope_pairing_technique,high,estimated,4,,NA,NA,4.9,0.8,,umol_15NH4+_L-1_slurry_h-1,not_comparable,,NA,NA,NA,NA,,NA,NA,NA,NA,NA,temperature_porewater_Fe2+_chl-a_and_silt content,no,yes,Saraf,Help-not sure lab or field test,Data are presented through bar charts no direct value_so estimated from graphs,,,,,
Rahman et al.,2019,Factors controlling dissimilatory nitrate reduction processes in constructed stormwater urban wetlands,cascades_on_clyde_wetland_slurry_sample_outlet_02_2016,,-38.101676,145.326825,Melbourne,Australia,constructed_wetland,,no,Lab,December_2014_to_February_2016,potential,15N-NO3-1_addition,isotope_pairing_technique,high,estimated,4,,NA,NA,2.5,0.5,,umol_15NH4+_L-1_slurry_h-1,not_comparable,,NA,NA,NA,NA,,NA,NA,NA,NA,NA,temperature_porewater_Fe2+_chl-a_and_silt content,no,yes,Saraf,Help-not sure lab or field test,Data are presented through bar charts no direct value_so estimated from graphs,,,,,
Rahman et al.,2019,Factors controlling dissimilatory nitrate reduction processes in constructed stormwater urban wetlands,koolamara_blvd_wetland_slurry_sample_inlet_12_2014,,-37.898664,145.279795,Melbourne,Australia,constructed_wetland,,no,Lab,December_2014_to_February_2016,potential,15N-NO3-1_addition,isotope_pairing_technique,high,estimated,4,,NA,NA,1.2,0.5,,umol_15NH4+_L-1_slurry_h-1,not_comparable,,NA,NA,NA,NA,,NA,NA,NA,NA,NA,temperature_porewater_Fe2+_chl-a_and_silt content,no,yes,Saraf,Help-not sure lab or field test,Data are presented through bar charts no direct value_so estimated from graphs,,,,,
Rahman et al.,2019,Factors controlling dissimilatory nitrate reduction processes in constructed stormwater urban wetlands,koolamara_blvd_wetland_slurry_sample_midpoint_12_2014,,-37.898664,145.279795,Melbourne,Australia,constructed_wetland,,no,Lab,December_2014_to_February_2016,potential,15N-NO3-1_addition,isotope_pairing_technique,high,estimated,4,,NA,NA,4,1.5,,umol_15NH4+_L-1_slurry_h-1,not_comparable,,NA,NA,NA,NA,,NA,NA,NA,NA,NA,temperature_porewater_Fe2+_chl-a_and_silt content,no,yes,Saraf,Help-not sure lab or field test,Data are presented through bar charts no direct value_so estimated from graphs,,,,,
Rahman et al.,2019,Factors controlling dissimilatory nitrate reduction processes in constructed stormwater urban wetlands,koolamara_blvd_wetland_slurry_sample_outlet_12_2014,,-37.898664,145.279795,Melbourne,Australia,constructed_wetland,,no,Lab,December_2014_to_February_2016,potential,15N-NO3-1_addition,isotope_pairing_technique,high,estimated,4,,NA,NA,4.5,1.2,,umol_15NH4+_L-1_slurry_h-1,not_comparable,,NA,NA,NA,NA,,NA,NA,NA,NA,NA,temperature_porewater_Fe2+_chl-a_and_silt content,no,yes,Saraf,Help-not sure lab or field test,Data are presented through bar charts no direct value_so estimated from graphs,,,,,
Rahman et al.,2019,Factors controlling dissimilatory nitrate reduction processes in constructed stormwater urban wetlands,koolamara_blvd_wetland_slurry_sample_inlet_04_2015,,-37.898664,145.279795,Melbourne,Australia,constructed_wetland,,no,Lab,December_2014_to_February_2016,potential,15N-NO3-1_addition,isotope_pairing_technique,high,estimated,4,,NA,NA,0.7,0.2,,umol_15NH4+_L-1_slurry_h-1,not_comparable,,NA,NA,NA,NA,,NA,NA,NA,NA,NA,temperature_porewater_Fe2+_chl-a_and_silt content,no,yes,Saraf,Help-not sure lab or field test,Data are presented through bar charts no direct value_so estimated from graphs,,,,,
Rahman et al.,2019,Factors controlling dissimilatory nitrate reduction processes in constructed stormwater urban wetlands,koolamara_blvd_wetland_slurry_sample_midpoint_04_2015,,-37.898664,145.279795,Melbourne,Australia,constructed_wetland,,no,Lab,December_2014_to_February_2016,potential,15N-NO3-1_addition,isotope_pairing_technique,high,estimated,4,,NA,NA,1,0.5,,umol_15NH4+_L-1_slurry_h-1,not_comparable,,NA,NA,NA,NA,,NA,NA,NA,NA,NA,temperature_porewater_Fe2+_chl-a_and_silt content,no,yes,Saraf,Help-not sure lab or field test,Data are presented through bar charts no direct value_so estimated from graphs,,,,,
Rahman et al.,2019,Factors controlling dissimilatory nitrate reduction processes in constructed stormwater urban wetlands,koolamara_blvd_wetland_slurry_sample_outlet_04_2015,,-37.898664,145.279795,Melbourne,Australia,constructed_wetland,,no,Lab,December_2014_to_February_2016,potential,15N-NO3-1_addition,isotope_pairing_technique,high,estimated,4,,NA,NA,1.8,0.5,,umol_15NH4+_L-1_slurry_h-1,not_comparable,,NA,NA,NA,NA,,NA,NA,NA,NA,NA,temperature_porewater_Fe2+_chl-a_and_silt content,no,yes,Saraf,Help-not sure lab or field test,Data are presented through bar charts no direct value_so estimated from graphs,,,,,
Rahman et al.,2019,Factors controlling dissimilatory nitrate reduction processes in constructed stormwater urban wetlands,koolamara_blvd_wetland_slurry_sample_inlet_02_2016,,-37.898664,145.279795,Melbourne,Australia,constructed_wetland,,no,Lab,December_2014_to_February_2016,potential,15N-NO3-1_addition,isotope_pairing_technique,high,estimated,4,,NA,NA,1,0.3,,umol_15NH4+_L-1_slurry_h-1,not_comparable,,NA,NA,NA,NA,,NA,NA,NA,NA,NA,temperature_porewater_Fe2+_chl-a_and_silt content,no,yes,Saraf,Help-not sure lab or field test,Data are presented through bar charts no direct value_so estimated from graphs,,,,,
Rahman et al.,2019,Factors controlling dissimilatory nitrate reduction processes in constructed stormwater urban wetlands,koolamara_blvd_wetland_slurry_sample_midpoint_02_2016,,-37.898664,145.279795,Melbourne,Australia,constructed_wetland,,no,Lab,December_2014_to_February_2016,potential,15N-NO3-1_addition,isotope_pairing_technique,high,estimated,4,,NA,NA,3.4,0.5,,umol_15NH4+_L-1_slurry_h-1,not_comparable,,NA,NA,NA,NA,,NA,NA,NA,NA,NA,temperature_porewater_Fe2+_chl-a_and_silt content,no,yes,Saraf,Help-not sure lab or field test,Data are presented through bar charts no direct value_so estimated from graphs,,,,,
Rahman et al.,2019,Factors controlling dissimilatory nitrate reduction processes in constructed stormwater urban wetlands,koolamara_blvd_wetland_slurry_sample_outlet_02_2016,,-37.898664,145.279795,Melbourne,Australia,constructed_wetland,,no,Lab,December_2014_to_February_2016,potential,15N-NO3-1_addition,isotope_pairing_technique,high,estimated,4,,NA,NA,2.8,0.2,,umol_15NH4+_L-1_slurry_h-1,not_comparable,,NA,NA,NA,NA,,NA,NA,NA,NA,NA,temperature_porewater_Fe2+_chl-a_and_silt content,no,yes,Saraf,Help-not sure lab or field test,Data are presented through bar charts no direct value_so estimated from graphs,,,,,
Rahman et al.,2019,Factors controlling dissimilatory nitrate reduction processes in constructed stormwater urban wetlands,namatjira_reserve_wetland_slurry_sample_inlet_01_2015,,-37.935064,145.112558,Melbourne,Australia,constructed_wetland,,no,Lab,December_2014_to_February_2016,potential,15N-NO3-1_addition,isotope_pairing_technique,high,estimated,4,,NA,NA,4.9,1.3,,umol_15NH4+_L-1_slurry_h-1,not_comparable,,NA,NA,NA,NA,,NA,NA,NA,NA,NA,temperature_porewater_Fe2+_chl-a_and_silt content,no,yes,Saraf,Help-not sure lab or field test,Data are presented through bar charts no direct value_so estimated from graphs,,,,,
Rahman et al.,2019,Factors controlling dissimilatory nitrate reduction processes in constructed stormwater urban wetlands,namatjira_reserve_wetland_slurry_sample_midpoint_01_2015,,-37.935064,145.112558,Melbourne,Australia,constructed_wetland,,no,Lab,December_2014_to_February_2016,potential,15N-NO3-1_addition,isotope_pairing_technique,high,estimated,4,,NA,NA,8.5,1,,umol_15NH4+_L-1_slurry_h-1,not_comparable,,NA,NA,NA,NA,,NA,NA,NA,NA,NA,temperature_porewater_Fe2+_chl-a_and_silt content,no,yes,Saraf,Help-not sure lab or field test,Data are presented through bar charts no direct value_so estimated from graphs,,,,,
Rahman et al.,2019,Factors controlling dissimilatory nitrate reduction processes in constructed stormwater urban wetlands,namatjira_reserve_wetland_slurry_sample_outlet_01_2015,,-37.935064,145.112558,Melbourne,Australia,constructed_wetland,,no,Lab,December_2014_to_February_2016,potential,15N-NO3-1_addition,isotope_pairing_technique,high,estimated,4,,NA,NA,4,0.5,,umol_15NH4+_L-1_slurry_h-1,not_comparable,,NA,NA,NA,NA,,NA,NA,NA,NA,NA,temperature_porewater_Fe2+_chl-a_and_silt content,no,yes,Saraf,Help-not sure lab or field test,Data are presented through bar charts no direct value_so estimated from graphs,,,,,
Rahman et al.,2019,Factors controlling dissimilatory nitrate reduction processes in constructed stormwater urban wetlands,namatjira_reserve_wetland_slurry_sample_inlet_05_2015,,-37.935064,145.112558,Melbourne,Australia,constructed_wetland,,no,Lab,December_2014_to_February_2016,potential,15N-NO3-1_addition,isotope_pairing_technique,high,estimated,4,,NA,NA,1,0.5,,umol_15NH4+_L-1_slurry_h-1,not_comparable,,NA,NA,NA,NA,,NA,NA,NA,NA,NA,temperature_porewater_Fe2+_chl-a_and_silt content,no,yes,Saraf,Help-not sure lab or field test,Data are presented through bar charts no direct value_so estimated from graphs,,,,,
Rahman et al.,2019,Factors controlling dissimilatory nitrate reduction processes in constructed stormwater urban wetlands,namatjira_reserve_wetland_slurry_sample_midpoint_05_2015,,-37.935064,145.112558,Melbourne,Australia,constructed_wetland,,no,Lab,December_2014_to_February_2016,potential,15N-NO3-1_addition,isotope_pairing_technique,high,estimated,4,,NA,NA,0.7,0.1,,umol_15NH4+_L-1_slurry_h-1,not_comparable,,NA,NA,NA,NA,,NA,NA,NA,NA,NA,temperature_porewater_Fe2+_chl-a_and_silt content,no,yes,Saraf,Help-not sure lab or field test,Data are presented through bar charts no direct value_so estimated from graphs,,,,,
Rahman et al.,2019,Factors controlling dissimilatory nitrate reduction processes in constructed stormwater urban wetlands,namatjira_reserve_wetland_slurry_sample_outlet_05_2015,,-37.935064,145.112558,Melbourne,Australia,constructed_wetland,,no,Lab,December_2014_to_February_2016,potential,15N-NO3-1_addition,isotope_pairing_technique,high,estimated,4,,NA,NA,3,1,,umol_15NH4+_L-1_slurry_h-1,not_comparable,,NA,NA,NA,NA,,NA,NA,NA,NA,NA,temperature_porewater_Fe2+_chl-a_and_silt content,no,yes,Saraf,Help-not sure lab or field test,Data are presented through bar charts no direct value_so estimated from graphs,,,,,
Rahman et al.,2019,Factors controlling dissimilatory nitrate reduction processes in constructed stormwater urban wetlands,namatjira_reserve_wetland_slurry_sample_inlet_01_2016,,-37.935064,145.112558,Melbourne,Australia,constructed_wetland,,no,Lab,December_2014_to_February_2016,potential,15N-NO3-1_addition,isotope_pairing_technique,high,estimated,4,,NA,NA,2.5,0.5,,umol_15NH4+_L-1_slurry_h-1,not_comparable,,NA,NA,NA,NA,,NA,NA,NA,NA,NA,temperature_porewater_Fe2+_chl-a_and_silt content,no,yes,Saraf,Help-not sure lab or field test,Data are presented through bar charts no direct value_so estimated from graphs,,,,,
Rahman et al.,2019,Factors controlling dissimilatory nitrate reduction processes in constructed stormwater urban wetlands,namatjira_reserve_wetland_slurry_sample_midpoint_01_2016,,-37.935064,145.112558,Melbourne,Australia,constructed_wetland,,no,Lab,December_2014_to_February_2016,potential,15N-NO3-1_addition,isotope_pairing_technique,high,estimated,4,,NA,NA,1,0.3,,umol_15NH4+_L-1_slurry_h-1,not_comparable,,NA,NA,NA,NA,,NA,NA,NA,NA,NA,temperature_porewater_Fe2+_chl-a_and_silt content,no,yes,Saraf,Help-not sure lab or field test,Data are presented through bar charts no direct value_so estimated from graphs,,,,,
Rahman et al.,2019,Factors controlling dissimilatory nitrate reduction processes in constructed stormwater urban wetlands,namatjira_reserve_wetland_slurry_sample_outlet_01_2016,,-37.935064,145.112558,Melbourne,Australia,constructed_wetland,,no,Lab,December_2014_to_February_2016,potential,15N-NO3-1_addition,isotope_pairing_technique,high,estimated,4,,NA,NA,0.6,0.2,,umol_15NH4+_L-1_slurry_h-1,not_comparable,,NA,NA,3,NA,,NA,NA,NA,NA,NA,temperature_porewater_Fe2+_chl-a_and_silt content,yes,yes,Saraf,Help-not sure lab or field test,Data are presented through bar charts no direct value_so estimated from graphs,,,,,
Rahman et al.,2019,Factors controlling dissimilatory nitrate reduction processes in constructed stormwater urban wetlands,HR_CC_KB_NM_wetland_winter_avg_intact_core,,NA,NA,Melbourne,Australia,constructed_wetland,,no,field,April_2015_to_February_2016,natural,NA,isotope_pairing_technique,high,actual,NA,,NA,NA,NA,NA,,NA,NA,,NA,NA,67,23,,NA,NA,NA,NA,NA,temperature_porewater_Fe2+_chl-a_and_silt content,yes,yes,Saraf,Help-not sure lab or field test,,,,,,
Hernández-del Amo et al.,2020,Changes in the Potential Activity of Nitrite Reducers and the Microbial Community Structure After Sediment Dredging and Plant Removal in the Empuriabrava FWS-CW,Empuriabrava_CW,"before dredging, vegetated",42.22253437,3.098157303,Catalonia,Spain,constructed_wetland,yes,yes,Lab,January_2012_to_December_2013,potential,,,low,estimated,4,12,NA,NA,0.75,NA,NA,ug_N_g-1_h-1,mass,sediment_dry_wt,,,4,0.5773502692,2,6.16,,18,,,,DNRA_percent_data,yes,garrett,,,,,,,
Hernández-del Amo et al.,2020,Changes in the Potential Activity of Nitrite Reducers and the Microbial Community Structure After Sediment Dredging and Plant Removal in the Empuriabrava FWS-CW,Empuriabrava_CW,"before dredging, unvegetated",42.22253437,3.098157303,Catalonia,Spain,constructed_wetland,yes,yes,Lab,January_2012_to_December_2013,potential,,,low,estimated,1,3,NA,NA,0.5,NA,NA,ug_N_g-1_h-1,mass,sediment_dry_wt,,NA,2,0.5773502692,1,,49.7,12,NA,NA,NA,DNRA_percent_data,yes,garrett,help,,,,,,
Hernández-del Amo et al.,2020,Changes in the Potential Activity of Nitrite Reducers and the Microbial Community Structure After Sediment Dredging and Plant Removal in the Empuriabrava FWS-CW,Empuriabrava_CW,"after dredging, vegetated",42.22253437,3.098157303,Catalonia,Spain,constructed_wetland,yes,yes,Lab,January_2012_to_December_2013,potential,,,low,estimated,3,9,NA,NA,2,NA,NA,ug_N_g-1_h-1,mass,sediment_dry_wt,,NA,40,8.666666667,26,,,3,NA,NA,NA,DNRA_percent_data,yes,garrett,help,,,,,,
Hernández-del Amo et al.,2020,Changes in the Potential Activity of Nitrite Reducers and the Microbial Community Structure After Sediment Dredging and Plant Removal in the Empuriabrava FWS-CW,Empuriabrava_CW,"after dredging, unvegetated",42.22253437,3.098157303,Catalonia,Spain,constructed_wetland,yes,yes,Lab,January_2012_to_December_2013,potential,,,low,estimated,4,12,NA,NA,3,NA,NA,ug_N_g-1_h-1,mass,sediment_dry_wt,,NA,72,13.27905619,46,1.68,1.68,4,NA,NA,NA,DNRA_percent_data,yes,garrett,help,,,,,,
Tomazek and Rokosz,2007,"Rates of Dissimilatory Nitrate Reduction to Ammonium in Two Polish Reservoirs: Impacts of Temperature, Organic Matter Content, and Nitrate Concentration",Rzeszów_Reservoir,,50.01683611,21.9985,Rzeszów,Poland,reservoir,yes,no,Lab,april_to_november,potential,15N-NO3-1_addition,isotope_pairing_technique,high,actual,4,,0.2,41.1,11.17,NA,,umol_N_m-2_h-1,areal,,NA,NA,NA,NA,,NA,NA,NA,NA,NA,temperature_OM_content_in_sediment,unknown,no,morgan,,,,,,,
Tomazek and Rokosz,2007,"Rates of Dissimilatory Nitrate Reduction to Ammonium in Two Polish Reservoirs: Impacts of Temperature, Organic Matter Content, and Nitrate Concentration",Solina_Reservoir,,49.32607778,22.46189167,Solina,Poland,reservoir,yes,no,Lab,april_to_november,potential,15N-NO3-1_addition,isotope_pairing_technique,high,actual,4,,0.1,25.8,6.5,NA,,umol_N_m-2_h-1,areal,,NA,NA,NA,NA,,NA,NA,NA,NA,NA,temperature_OM_content_in_sediment,unknown,no,morgan,,,,,,,
Gruca-Rokosz et al.,2009,Competitive of Dissimilatory Nitrate Reduction Processes in Bottom Sediment of Rzeszów Reservoir,Rzeszów_Reservoir,,50.01683611,21.9985,Rzeszów,Poland,reservoir,yes,no,Lab,2002_to_2003,potential,15N-NO3-1_addition,isotope_pairing_technique,high,actual,4,,0.2,41.1,11.3,NA,,umol_N_m-2_h-1,areal,,NA,NA,NA,NA,,NA,NA,NA,NA,NA,temperature_OM_content_C_N_ratio_in_sediment,unknown,yes,morgan,,This paper was suuuper similar to tomazek and Rokosz,,,,,
Burgin et al,2012,Denitrification by Sulfer-Oxidizing Baceria in a Eutrophic Lake,Wintergreen_Lake,,42.39760278,-85.3853,Michigan,USA,lake,,yes,Lab,21_august_2006_to_25_august_2006,potential,15N-NO3-1_addition,isotope_pairing_technique,high,actual,NA,,NA,NA,NA,NA,,NA,NA,,1,15,NA,NA,,NA,NA,NA,NA,NA,H2S,DNRA_percent_data,yes,morgan,,,,,,,
Zhao et al,2020,"Survey of Dissimilatory Nitrat Reduction to Ammonium Microbial Community at National Wetland of Shanghai, China",Wusong_Paotaiwan_Wetlands_Forest_Park,,31.39559444,121.5078444,Shanghai,China,constructed_wetland,yes,yes,Lab,september_2017,potential,15N-NO3-1_addition,isotope_pairing_technique,high,actual,5,,0.13,0.44,0.256,NA,,umol_N_kg-1_h-1,mass,sediment_dry_wt,1.56,7.47,3.7,NA,,NA,NA,NA,NA,NA,NO3-_availability_organic_oarbon_loading_temperature_availablility_of_reduce_agents-sulfide_or_ironIII,DNRA_percent_data,yes,morgan,,,,,,,
Scott et al,2008,"Denitrification, Dissimilatory Nitrate Reduction to Ammonium, and Nitrogen Fixation Along a Nitrate Concentration Gradient in a Created Freshwater Wetland",Lake_Waco_Wetland,,31.60636944,-97.30170833,Texas,USA,constructed_wetland,yes,no,Lab,january_2005_to_july_2005,potential,15N-NO3-1_addition,isotope_pairing_technique,high,actual,4,,1.3,33,NA,NA,,umol_N_m-2_h-1,areal,,NA,NA,NA,NA,,NA,NA,NA,NA,NA,SOD_NO3-,unknown,yes,morgan,,,,,,,
Jahangir et al.,2020,Application of 15N tracing for estimating nitrogen cycle processes in soils of a constructed wetland,Unnamed_wetland,,52.174012,-7.259888,Munster,Ireland,Constructed_wetland,,no,Lab,January_2013_to_December_2014,,,,,,,,,,,,,,NA,,,,,,,,,,,,,unknown,no,morgan,help,Not positive that this paper shows DNRA specific information? There is discussion of different nitrogen cycle pathways but DNRA is not specifically mentioned or measured,,,,,
Hernández-del Amo and Bañeras,2021,Effects of high nitrate input in the denitrification-DNRA activities in the sediment of a constructed wetland under varying C/N ratios,Empuriabrava_CW_day0_TOC/TN_6.02,,42.22253437,3.098157303,Catalonia,Spain,constructed_wetland,,no,Lab,January_2015,potential,NA,NA,low,actual,3,,,NA,6.63,1.82,,ug_N/L_h,not_comparable,,NA,NA,NA,NA,,NA,NA,11.73,5.36,NA,NA,total_removal_data,no,garrett,,,,,,,
Hernández-del Amo and Bañeras,2021,Effects of high nitrate input in the denitrification-DNRA activities in the sediment of a constructed wetland under varying C/N ratios,Empuriabrava_CW_day0_TOC/TN_4.87,,42.22253437,3.098157303,Catalonia,Spain,constructed_wetland,,no,Lab,January_2015,potential,NA,NA,low,actual,3,,,NA,9.23,0.25,,ug_N/L_h,not_comparable,,NA,NA,NA,NA,,NA,NA,14.83,5.14,NA,NA,total_removal_data,no,garrett,,,,,,,
Hernández-del Amo and Bañeras,2021,Effects of high nitrate input in the denitrification-DNRA activities in the sediment of a constructed wetland under varying C/N ratios,Empuriabrava_CW_day0_TOC/TN_3.49,,42.22253437,3.098157303,Catalonia,Spain,constructed_wetland,,no,Lab,January_2015,potential,NA,NA,low,actual,3,,,NA,8.17,0.91,,ug_N/L_h,not_comparable,,NA,NA,NA,NA,,NA,NA,15.3,5.31,NA,NA,total_removal_data,no,garrett,,,,,,,
Hernández-del Amo and Bañeras,2021,Effects of high nitrate input in the denitrification-DNRA activities in the sediment of a constructed wetland under varying C/N ratios,Empuriabrava_CW_day19_TOC/TN_1.44,,42.22253437,3.098157303,Catalonia,Spain,constructed_wetland,,no,Lab,January_2015,potential,NA,NA,low,actual,3,,,NA,-6.6,4.95,,ug_N/L_h,not_comparable,,NA,NA,13,8.7,,NA,NA,-3.17,0.71,NA,NA,total_removal_data,no,garrett,,,,,,,
Hernández-del Amo and Bañeras,2021,Effects of high nitrate input in the denitrification-DNRA activities in the sediment of a constructed wetland under varying C/N ratios,Empuriabrava_CW_day19_TOC/TN_0.96,,42.22253437,3.098157303,Catalonia,Spain,constructed_wetland,,no,Lab,January_2015,potential,NA,NA,low,actual,3,,,NA,2.95,2.19,,ug_N/L_h,not_comparable,,NA,NA,17.9,18.6,,NA,NA,-1.85,1.34,NA,NA,total_removal_data,no,garrett,,,,,,,
Hernández-del Amo and Bañeras,2021,Effects of high nitrate input in the denitrification-DNRA activities in the sediment of a constructed wetland under varying C/N ratios,Empuriabrava_CW_day19_TOC/TN_0.72,,42.22253437,3.098157303,Catalonia,Spain,constructed_wetland,,no,Lab,January_2015,potential,NA,NA,low,actual,3,,,NA,5.63,2.31,,ug_N/L_h,not_comparable,,NA,NA,22.9,10.9,,NA,NA,-3.1,1.9,NA,NA,total_removal_data,no,garrett,,,,,,,
Hernández-del Amo and Bañeras,2021,Effects of high nitrate input in the denitrification-DNRA activities in the sediment of a constructed wetland under varying C/N ratios,Empuriabrava_CW_day47_TOC/TN_1.24,,42.22253437,3.098157303,Catalonia,Spain,constructed_wetland,,no,Lab,January_2015,potential,NA,NA,low,actual,3,,,NA,-2.43,0.47,,ug_N/L_h,not_comparable,,NA,NA,NA,NA,,NA,NA,-2.27,1.93,NA,NA,total_removal_data,no,garrett,,,,,,,
Hernández-del Amo and Bañeras,2021,Effects of high nitrate input in the denitrification-DNRA activities in the sediment of a constructed wetland under varying C/N ratios,Empuriabrava_CW_day47_TOC/TN_0.95,,42.22253437,3.098157303,Catalonia,Spain,constructed_wetland,,no,Lab,January_2015,potential,NA,NA,low,actual,3,,,NA,-2.77,0.38,,ug_N/L_h,not_comparable,,NA,NA,NA,NA,,NA,NA,-3.57,2.48,NA,NA,total_removal_data,no,garrett,,,,,,,
Hernández-del Amo and Bañeras,2021,Effects of high nitrate input in the denitrification-DNRA activities in the sediment of a constructed wetland under varying C/N ratios,Empuriabrava_CW_day47_TOC/TN_0.73,,42.22253437,3.098157303,Catalonia,Spain,constructed_wetland,,no,Lab,January_2015,potential,NA,NA,low,actual,3,,,NA,-0.1,0.14,,ug_N/L_h,not_comparable,,NA,NA,NA,NA,,NA,NA,-0.4,0.14,NA,NA,total_removal_data,no,garrett,,,,,,,
Hernández-del Amo and Bañeras,2021,Effects of high nitrate input in the denitrification-DNRA activities in the sediment of a constructed wetland under varying C/N ratios,Empuriabrava_CW_day74_TOC/TN_1.71,,42.22253437,3.098157303,Catalonia,Spain,constructed_wetland,,no,Lab,January_2015,potential,NA,NA,low,actual,3,,,NA,5.5,0.56,,ug_N/L_h,not_comparable,,NA,NA,28.9,5.7,,NA,NA,-3.4,1.28,NA,NA,total_removal_data,no,garrett,,,,,,,
Hernández-del Amo and Bañeras,2021,Effects of high nitrate input in the denitrification-DNRA activities in the sediment of a constructed wetland under varying C/N ratios,Empuriabrava_CW_day74_TOC/TN_1.10,,42.22253437,3.098157303,Catalonia,Spain,constructed_wetland,,no,Lab,January_2015,potential,NA,NA,low,actual,3,,,NA,2.6,0.7,,ug_N/L_h,not_comparable,,NA,NA,13,5.1,,NA,NA,-2.73,1.21,NA,NA,total_removal_data,no,garrett,,,,,,,
Hernández-del Amo and Bañeras,2021,Effects of high nitrate input in the denitrification-DNRA activities in the sediment of a constructed wetland under varying C/N ratios,Empuriabrava_CW_day74_TOC/TN_0.85,,42.22253437,3.098157303,Catalonia,Spain,constructed_wetland,,no,Lab,January_2015,potential,NA,NA,low,actual,3,,,NA,3.17,0.6,,ug_N/L_h,not_comparable,,NA,NA,17.37,1.6,,NA,NA,-1.87,0.93,NA,NA,total_removal_data,no,garrett,,,,,,,
Wang et al.,2018,Microbial Nitrogen Cycle Hotspots in the Plant-Bed/Ditch System of a Constructed Wetland with N2O Mitigation,Shijiuyang Constructed Wetland,outer_channel,30.2655,120.1536,Zhejiang,China,constructed_wetland,yes,yes,Field,"For five years, no start or end date ",potential,slurry_measurement,"was assessed as the 15NH4 + production rate, converting 15NH4 + to 30N2 with hypobromite.",high,actual,3,3,NA,NA,2.85,0.08082903769,0.14,nmol_N_g-1_h-1,mass,sediment_dry_wt,,,26.5,,,,,,,,,DNRA_percent_data,no,Bianca ,help,NA,3.72 ± 0.19,NA,NA,NA,
Wang et al.,2018,Microbial Nitrogen Cycle Hotspots in the Plant-Bed/Ditch System of a Constructed Wetland with N2O Mitigation,Shijiuyang Constructed Wetland,inner_ditch,30.2655,120.1536,Zhejiang,China,constructed_wetland,yes,yes,Field,"For five years, no start or end date ",potential,slurry_measurement,"was assessed as the 15NH4 + production rate, converting 15NH4 + to 30N2 with hypobromite.",high,actual,3,3,NA,NA,16.5,0.4792007234,0.83,nmol_N_g-1_h-1,mass,sediment_dry_wt,,,30.5,,,,,,,,,DNRA_percent_data,,Bianca ,,,,,,,
Wang et al.,2018,Microbial Nitrogen Cycle Hotspots in the Plant-Bed/Ditch System of a Constructed Wetland with N2O Mitigation,Shijiuyang Constructed Wetland,ditch_fringe,30.2655,120.1536,Zhejiang,China,constructed_wetland,yes,yes,Field,"For five years, no start or end date ",potential,slurry_measurement,"was assessed as the 15NH4 + production rate, converting 15NH4 + to 30N2 with hypobromite.",high,actual,3,3,NA,NA,28.69,0.8256108849,1.43,nmol_N_g-1_h-1,mass,sediment_dry_wt,,,32.1,,,,,,,,,DNRA_percent_data,,Bianca ,,,,,,,
Burgin and Hamilton,2008,NO₃⁻-driven SO₄²⁻ production in freshwater ecosystems: Implications for N and S cycling,lakes_multiple,,42.39716667,-85.38235278,Michigan,USA,3 lakes,,yes,field,2005_unknown-month,potential,nitrate_addition,15N-labeled-nitrate_push-pull,high,actual,9,,NA,NA,NA,NA,,NA,NA,,0.5,42,NA,NA,,NA,NA,NA,NA,NA,"SW_NO3-,SW_NH4+,PW_H2S",DNRA_percent_data,yes,Aaron,NA,NA,NA,NA,NA,NA,NA
Burgin and Hamilton,2008,NO₃⁻-driven SO₄²⁻ production in freshwater ecosystems: Implications for N and S cycling,streams_multiple,,42.27461111,-85.61349722,Michigan,USA,3 streams,,yes,field,2005_unknown-month,potential,nitrate_addition,15N-labeled-nitrate_push-pull,high,actual,9,,NA,NA,NA,NA,,NA,NA,,3.5,37,NA,NA,,NA,NA,NA,NA,NA,"SW_NO3-,SW_NH4+,PW_H2S",DNRA_percent_data,yes,Aaron,NA,NA,NA,NA,NA,NA,NA
Burgin and Hamilton,2008,NO₃⁻-driven SO₄²⁻ production in freshwater ecosystems: Implications for N and S cycling,wetlands_multiple,,42.40541667,-85.40199444,Michigan,USA,3 wetlands,,yes,field,2005_unknown-month,potential,nitrate_addition,15N-labeled-nitrate_push-pull,high,estimated,9,,NA,NA,NA,NA,,NA,NA,,0.5,110,NA,NA,,NA,NA,NA,NA,NA,"SW_NO3-,SW_NH4+,PW_H2S",DNRA_percent_data,yes,Aaron,NA,NA,NA,NA,NA,NA,NA
Rahman et al.,2019,"Role of organic carbon, nitrate and ferrous iron on the partitioning between denitrification and DNRA in constructed stormwater urban wetlands",Huntingdale_CW_lowNO3_control,,-37.840935,144.946457,Melbourne,Australia,constructed_wetland,,no,lab,April_2015_to_February_2016,potential,15N-NO3-1_addition,15N-assay,low,estimated,NA,,NA,NA,0.25,,,umol_15NH4+_L-1_slurry_h-1,not_comparable,,NA,NA,NA,NA,,NA,NA,NA,NA,NA,NA,no,no,Garrett,,,,,,,
Rahman et al.,2019,"Role of organic carbon, nitrate and ferrous iron on the partitioning between denitrification and DNRA in constructed stormwater urban wetlands",Huntingdale_CW_lowNO3_acetate,,-37.840935,144.946457,Melbourne,Australia,constructed_wetland,,no,lab,April_2015_to_February_2016,potential,15N-NO3-1_addition,15N-assay,low,estimated,NA,,NA,NA,0.75,,,umol_15NH4+_L-1_slurry_h-1,not_comparable,,NA,NA,NA,NA,,NA,NA,NA,NA,NA,NA,no,no,Garrett,,,,,,,
Rahman et al.,2019,"Role of organic carbon, nitrate and ferrous iron on the partitioning between denitrification and DNRA in constructed stormwater urban wetlands",Huntingdale_CW_lowNO3_NOC,,-37.840935,144.946457,Melbourne,Australia,constructed_wetland,,no,lab,April_2015_to_February_2016,potential,15N-NO3-1_addition,15N-assay,low,estimated,NA,,NA,NA,0.6,,,umol_15NH4+_L-1_slurry_h-1,not_comparable,,NA,NA,NA,NA,,NA,NA,NA,NA,NA,NA,no,no,Garrett,,,,,,,
Rahman et al.,2019,"Role of organic carbon, nitrate and ferrous iron on the partitioning between denitrification and DNRA in constructed stormwater urban wetlands",Namatijara_CW_lowNO3_control,,-37.840935,144.946457,Melbourne,Australia,constructed_wetland,,no,lab,April_2015_to_February_2016,potential,15N-NO3-1_addition,15N-assay,low,estimated,NA,,NA,NA,1,,,umol_15NH4+_L-1_slurry_h-1,not_comparable,,NA,NA,NA,NA,,NA,NA,NA,NA,NA,NA,no,no,Garrett,,,,,,,
Rahman et al.,2019,"Role of organic carbon, nitrate and ferrous iron on the partitioning between denitrification and DNRA in constructed stormwater urban wetlands",Namatijara_CW_lowNO3_acetate,,-37.840935,144.946457,Melbourne,Australia,constructed_wetland,,no,lab,April_2015_to_February_2016,potential,15N-NO3-1_addition,15N-assay,low,estimated,NA,,NA,NA,1.1,,,umol_15NH4+_L-1_slurry_h-1,not_comparable,,NA,NA,NA,NA,,NA,NA,NA,NA,NA,NA,no,no,Garrett,,,,,,,
Rahman et al.,2019,"Role of organic carbon, nitrate and ferrous iron on the partitioning between denitrification and DNRA in constructed stormwater urban wetlands",Namatijara_CW_lowNO3_NOC,,-37.840935,144.946457,Melbourne,Australia,constructed_wetland,,no,lab,April_2015_to_February_2016,potential,15N-NO3-1_addition,15N-assay,low,estimated,NA,,NA,NA,1.09,,,umol_15NH4+_L-1_slurry_h-1,not_comparable,,NA,NA,NA,NA,,NA,NA,NA,NA,NA,NA,no,no,Garrett,,,,,,,
Rahman et al.,2019,"Role of organic carbon, nitrate and ferrous iron on the partitioning between denitrification and DNRA in constructed stormwater urban wetlands",Koolmara_CW_lowNO3_control,,-37.840935,144.946457,Melbourne,Australia,constructed_wetland,,no,lab,April_2015_to_February_2016,potential,15N-NO3-1_addition,15N-assay,low,estimated,NA,,NA,NA,0.5,,,umol_15NH4+_L-1_slurry_h-1,not_comparable,,NA,NA,NA,NA,,NA,NA,NA,NA,NA,NA,no,no,Garrett,,,,,,,
Rahman et al.,2019,"Role of organic carbon, nitrate and ferrous iron on the partitioning between denitrification and DNRA in constructed stormwater urban wetlands",Koolmara_CW_lowNO3_acetate,,-37.840935,144.946457,Melbourne,Australia,constructed_wetland,,no,lab,April_2015_to_February_2016,potential,15N-NO3-1_addition,15N-assay,low,estimated,NA,,NA,NA,0.75,,,umol_15NH4+_L-1_slurry_h-1,not_comparable,,NA,NA,NA,NA,,NA,NA,NA,NA,NA,NA,no,no,Garrett,,,,,,,
Rahman et al.,2019,"Role of organic carbon, nitrate and ferrous iron on the partitioning between denitrification and DNRA in constructed stormwater urban wetlands",Koolmara_CW_lowNO3_NOC,,-37.840935,144.946457,Melbourne,Australia,constructed_wetland,,no,lab,April_2015_to_February_2016,potential,15N-NO3-1_addition,15N-assay,low,estimated,NA,,NA,NA,0.9,,,umol_15NH4+_L-1_slurry_h-1,not_comparable,,NA,NA,NA,NA,,NA,NA,NA,NA,NA,NA,no,no,Garrett,,,,,,,
Rahman et al.,2019,"Role of organic carbon, nitrate and ferrous iron on the partitioning between denitrification and DNRA in constructed stormwater urban wetlands",Cascades_CW_lowNO3_control,,-37.840935,144.946457,Melbourne,Australia,constructed_wetland,,no,lab,April_2015_to_February_2016,potential,15N-NO3-1_addition,15N-assay,low,estimated,NA,,NA,NA,0.5,,,umol_15NH4+_L-1_slurry_h-1,not_comparable,,NA,NA,NA,NA,,NA,NA,NA,NA,NA,NA,no,no,Garrett,,,,,,,
Rahman et al.,2019,"Role of organic carbon, nitrate and ferrous iron on the partitioning between denitrification and DNRA in constructed stormwater urban wetlands",Cascades_CW_lowNO3_acetate,,-37.840935,144.946457,Melbourne,Australia,constructed_wetland,,no,lab,April_2015_to_February_2016,potential,15N-NO3-1_addition,15N-assay,low,estimated,NA,,NA,NA,1,,,umol_15NH4+_L-1_slurry_h-1,not_comparable,,NA,NA,NA,NA,,NA,NA,NA,NA,NA,NA,no,no,Garrett,,,,,,,
Rahman et al.,2019,"Role of organic carbon, nitrate and ferrous iron on the partitioning between denitrification and DNRA in constructed stormwater urban wetlands",Cascades_CW_lowNO3_NOC,,-37.840935,144.946457,Melbourne,Australia,constructed_wetland,,no,lab,April_2015_to_February_2016,potential,15N-NO3-1_addition,15N-assay,low,estimated,NA,,NA,NA,0.6,,,umol_15NH4+_L-1_slurry_h-1,not_comparable,,NA,NA,NA,NA,,NA,NA,NA,NA,NA,NA,no,no,Garrett,,,,,,,
Rahman et al.,2019,"Role of organic carbon, nitrate and ferrous iron on the partitioning between denitrification and DNRA in constructed stormwater urban wetlands",Huntingdale_CW_highNO3_control,,-37.840935,144.946457,Melbourne,Australia,constructed_wetland,,no,lab,April_2015_to_February_2016,potential,15N-NO3-1_addition,15N-assay,low,estimated,NA,,NA,NA,2,,,umol_15NH4+_L-1_slurry_h-1,not_comparable,,NA,NA,NA,NA,,NA,NA,NA,NA,NA,NA,no,no,Garrett,,,,,,,
Rahman et al.,2019,"Role of organic carbon, nitrate and ferrous iron on the partitioning between denitrification and DNRA in constructed stormwater urban wetlands",Huntingdale_CW_highNO3_acetate,,-37.840935,144.946457,Melbourne,Australia,constructed_wetland,,no,lab,April_2015_to_February_2016,potential,15N-NO3-1_addition,15N-assay,low,estimated,NA,,NA,NA,2.2,,,umol_15NH4+_L-1_slurry_h-1,not_comparable,,NA,NA,NA,NA,,NA,NA,NA,NA,NA,NA,no,no,Garrett,,,,,,,
Rahman et al.,2019,"Role of organic carbon, nitrate and ferrous iron on the partitioning between denitrification and DNRA in constructed stormwater urban wetlands",Huntingdale_CW_highNO3_NOC,,-37.840935,144.946457,Melbourne,Australia,constructed_wetland,,no,lab,April_2015_to_February_2016,potential,15N-NO3-1_addition,15N-assay,low,estimated,NA,,NA,NA,2.5,,,umol_15NH4+_L-1_slurry_h-1,not_comparable,,NA,NA,NA,NA,,NA,NA,NA,NA,NA,NA,no,no,Garrett,,,,,,,
Rahman et al.,2019,"Role of organic carbon, nitrate and ferrous iron on the partitioning between denitrification and DNRA in constructed stormwater urban wetlands",Namatijara_CW_highNO3_control,,-37.840935,144.946457,Melbourne,Australia,constructed_wetland,,no,lab,April_2015_to_February_2016,potential,15N-NO3-1_addition,15N-assay,low,estimated,NA,,NA,NA,3,,,umol_15NH4+_L-1_slurry_h-1,not_comparable,,NA,NA,NA,NA,,NA,NA,NA,NA,NA,NA,no,no,Garrett,,,,,,,
Rahman et al.,2019,"Role of organic carbon, nitrate and ferrous iron on the partitioning between denitrification and DNRA in constructed stormwater urban wetlands",Namatijara_CW_highNO3_acetate,,-37.840935,144.946457,Melbourne,Australia,constructed_wetland,,no,lab,April_2015_to_February_2016,potential,15N-NO3-1_addition,15N-assay,low,estimated,NA,,NA,NA,7,,,umol_15NH4+_L-1_slurry_h-1,not_comparable,,NA,NA,NA,NA,,NA,NA,NA,NA,NA,NA,no,no,Garrett,,,,,,,
Rahman et al.,2019,"Role of organic carbon, nitrate and ferrous iron on the partitioning between denitrification and DNRA in constructed stormwater urban wetlands",Namatijara_CW_highNO3_NOC,,-37.840935,144.946457,Melbourne,Australia,constructed_wetland,,no,lab,April_2015_to_February_2016,potential,15N-NO3-1_addition,15N-assay,low,estimated,NA,,NA,NA,10,,,umol_15NH4+_L-1_slurry_h-1,not_comparable,,NA,NA,NA,NA,,NA,NA,NA,NA,NA,NA,no,no,Garrett,,,,,,,
Rahman et al.,2019,"Role of organic carbon, nitrate and ferrous iron on the partitioning between denitrification and DNRA in constructed stormwater urban wetlands",Koolmara_CW_highNO3_control,,-37.840935,144.946457,Melbourne,Australia,constructed_wetland,,no,lab,April_2015_to_February_2016,potential,15N-NO3-1_addition,15N-assay,low,estimated,NA,,NA,NA,2.5,,,umol_15NH4+_L-1_slurry_h-1,not_comparable,,NA,NA,NA,NA,,NA,NA,NA,NA,NA,NA,no,no,Garrett,,,,,,,
Rahman et al.,2019,"Role of organic carbon, nitrate and ferrous iron on the partitioning between denitrification and DNRA in constructed stormwater urban wetlands",Koolmara_CW_highNO3_acetate,,-37.840935,144.946457,Melbourne,Australia,constructed_wetland,,no,lab,April_2015_to_February_2016,potential,15N-NO3-1_addition,15N-assay,low,estimated,NA,,NA,NA,3,,,umol_15NH4+_L-1_slurry_h-1,not_comparable,,NA,NA,NA,NA,,NA,NA,NA,NA,NA,NA,no,no,Garrett,,,,,,,
Rahman et al.,2019,"Role of organic carbon, nitrate and ferrous iron on the partitioning between denitrification and DNRA in constructed stormwater urban wetlands",Koolmara_CW_highNO3_NOC,,-37.840935,144.946457,Melbourne,Australia,constructed_wetland,,no,lab,April_2015_to_February_2016,potential,15N-NO3-1_addition,15N-assay,low,estimated,NA,,NA,NA,9,,,umol_15NH4+_L-1_slurry_h-1,not_comparable,,NA,NA,NA,NA,,NA,NA,NA,NA,NA,NA,no,no,Garrett,,,,,,,
Rahman et al.,2019,"Role of organic carbon, nitrate and ferrous iron on the partitioning between denitrification and DNRA in constructed stormwater urban wetlands",Cascades_CW_highNO3_control,,-37.840935,144.946457,Melbourne,Australia,constructed_wetland,,no,lab,April_2015_to_February_2016,potential,15N-NO3-1_addition,15N-assay,low,estimated,NA,,NA,NA,4,,,umol_15NH4+_L-1_slurry_h-1,not_comparable,,NA,NA,NA,NA,,NA,NA,NA,NA,NA,NA,no,no,Garrett,,,,,,,
Rahman et al.,2019,"Role of organic carbon, nitrate and ferrous iron on the partitioning between denitrification and DNRA in constructed stormwater urban wetlands",Cascades_CW_highNO3_acetate,,-37.840935,144.946457,Melbourne,Australia,constructed_wetland,,no,lab,April_2015_to_February_2016,potential,15N-NO3-1_addition,15N-assay,low,estimated,NA,,NA,NA,8,,,umol_15NH4+_L-1_slurry_h-1,not_comparable,,NA,NA,NA,NA,,NA,NA,NA,NA,NA,NA,no,no,Garrett,,,,,,,
Rahman et al.,2019,"Role of organic carbon, nitrate and ferrous iron on the partitioning between denitrification and DNRA in constructed stormwater urban wetlands",Cascades_CW_highNO3_NOC,,-37.840935,144.946457,Melbourne,Australia,constructed_wetland,,no,lab,April_2015_to_February_2016,potential,15N-NO3-1_addition,15N-assay,low,estimated,,,,,17,,,umol_15NH4+_L-1_slurry_h-1,not_comparable,,NA,NA,NA,NA,,NA,NA,NA,NA,NA,NA,no,no,Garrett,,,,,,,